reference_date,target_end_date,month,report_date,disease,disease_class,row_kind,cases,deaths,source_url
2024-01-01,2024-01-31,2024-01,2024-02-19,艾滋病,乙类,disease,3194,1730,https://www.chinacdc.cn/jksj/jksj01/202407/t20240726_287154.html
2024-01-01,2024-01-31,2024-01,2024-02-19,白喉,乙类,disease,0,0,https://www.chinacdc.cn/jksj/jksj01/202407/t20240726_287154.html
2024-01-01,2024-01-31,2024-01,2024-02-19,百日咳,乙类,disease,15275,5,https://www.chinacdc.cn/jksj/jksj01/202407/t20240726_287154.html
2024-01-01,2024-01-31,2024-01,2024-02-19,包虫病,丙类,disease,438,0,https://www.chinacdc.cn/jksj/jksj01/202407/t20240726_287154.html
2024-01-01,2024-01-31,2024-01,2024-02-19,丙类传染病合计,丙类,summary,3110178,3,https://www.chinacdc.cn/jksj/jksj01/202407/t20240726_287154.html
2024-01-01,2024-01-31,2024-01,2024-02-19,丙型肝炎,乙类,disease,18610,23,https://www.chinacdc.cn/jksj/jksj01/202407/t20240726_287154.html
2024-01-01,2024-01-31,2024-01,2024-02-19,病毒性肝炎,乙类,group,159136,53,https://www.chinacdc.cn/jksj/jksj01/202407/t20240726_287154.html
2024-01-01,2024-01-31,2024-01,2024-02-19,布鲁氏菌病,乙类,disease,4207,0,https://www.chinacdc.cn/jksj/jksj01/202407/t20240726_287154.html
2024-01-01,2024-01-31,2024-01,2024-02-19,传染性非典型肺炎,乙类,disease,0,0,https://www.chinacdc.cn/jksj/jksj01/202407/t20240726_287154.html
2024-01-01,2024-01-31,2024-01,2024-02-19,登革热,乙类,disease,27,0,https://www.chinacdc.cn/jksj/jksj01/202407/t20240726_287154.html
2024-01-01,2024-01-31,2024-01,2024-02-19,丁型肝炎,乙类,disease,25,0,https://www.chinacdc.cn/jksj/jksj01/202407/t20240726_287154.html
2024-01-01,2024-01-31,2024-01,2024-02-19,肺结核,乙类,disease,60660,383,https://www.chinacdc.cn/jksj/jksj01/202407/t20240726_287154.html
2024-01-01,2024-01-31,2024-01,2024-02-19,风疹,丙类,disease,45,0,https://www.chinacdc.cn/jksj/jksj01/202407/t20240726_287154.html
2024-01-01,2024-01-31,2024-01,2024-02-19,钩端螺旋体病,乙类,disease,19,0,https://www.chinacdc.cn/jksj/jksj01/202407/t20240726_287154.html
2024-01-01,2024-01-31,2024-01,2024-02-19,黑热病,丙类,disease,33,0,https://www.chinacdc.cn/jksj/jksj01/202407/t20240726_287154.html
2024-01-01,2024-01-31,2024-01,2024-02-19,猴痘,乙类,disease,97,0,https://www.chinacdc.cn/jksj/jksj01/202407/t20240726_287154.html
2024-01-01,2024-01-31,2024-01,2024-02-19,霍乱,甲类,disease,0,0,https://www.chinacdc.cn/jksj/jksj01/202407/t20240726_287154.html
2024-01-01,2024-01-31,2024-01,2024-02-19,急性出血性结膜炎,丙类,disease,3039,0,https://www.chinacdc.cn/jksj/jksj01/202407/t20240726_287154.html
2024-01-01,2024-01-31,2024-01,2024-02-19,脊髓灰质炎,乙类,disease,0,0,https://www.chinacdc.cn/jksj/jksj01/202407/t20240726_287154.html
2024-01-01,2024-01-31,2024-01,2024-02-19,甲型肝炎,乙类,disease,1002,0,https://www.chinacdc.cn/jksj/jksj01/202407/t20240726_287154.html
2024-01-01,2024-01-31,2024-01,2024-02-19,甲乙丙类总计,甲乙丙类,summary,3427657,2198,https://www.chinacdc.cn/jksj/jksj01/202407/t20240726_287154.html
2024-01-01,2024-01-31,2024-01,2024-02-19,甲乙类传染病合计,甲乙类,summary,317479,2195,https://www.chinacdc.cn/jksj/jksj01/202407/t20240726_287154.html
2024-01-01,2024-01-31,2024-01,2024-02-19,狂犬病,乙类,disease,15,11,https://www.chinacdc.cn/jksj/jksj01/202407/t20240726_287154.html
2024-01-01,2024-01-31,2024-01,2024-02-19,淋病,乙类,disease,9112,1,https://www.chinacdc.cn/jksj/jksj01/202407/t20240726_287154.html
2024-01-01,2024-01-31,2024-01,2024-02-19,流行性出血热,乙类,disease,511,1,https://www.chinacdc.cn/jksj/jksj01/202407/t20240726_287154.html
2024-01-01,2024-01-31,2024-01,2024-02-19,流行性感冒,丙类,disease,2988914,3,https://www.chinacdc.cn/jksj/jksj01/202407/t20240726_287154.html
2024-01-01,2024-01-31,2024-01,2024-02-19,流行性和地方性斑疹伤寒,丙类,disease,68,0,https://www.chinacdc.cn/jksj/jksj01/202407/t20240726_287154.html
2024-01-01,2024-01-31,2024-01,2024-02-19,流行性脑脊髓膜炎,乙类,disease,17,1,https://www.chinacdc.cn/jksj/jksj01/202407/t20240726_287154.html
2024-01-01,2024-01-31,2024-01,2024-02-19,流行性腮腺炎,丙类,disease,5272,0,https://www.chinacdc.cn/jksj/jksj01/202407/t20240726_287154.html
2024-01-01,2024-01-31,2024-01,2024-02-19,流行性乙型脑炎,乙类,disease,3,1,https://www.chinacdc.cn/jksj/jksj01/202407/t20240726_287154.html
2024-01-01,2024-01-31,2024-01,2024-02-19,麻风病,丙类,disease,24,0,https://www.chinacdc.cn/jksj/jksj01/202407/t20240726_287154.html
2024-01-01,2024-01-31,2024-01,2024-02-19,麻疹,乙类,disease,51,0,https://www.chinacdc.cn/jksj/jksj01/202407/t20240726_287154.html
2024-01-01,2024-01-31,2024-01,2024-02-19,梅毒,乙类,disease,56658,6,https://www.chinacdc.cn/jksj/jksj01/202407/t20240726_287154.html
2024-01-01,2024-01-31,2024-01,2024-02-19,疟疾,乙类,disease,254,3,https://www.chinacdc.cn/jksj/jksj01/202407/t20240726_287154.html
2024-01-01,2024-01-31,2024-01,2024-02-19,其他感染性腹泻病,丙类,disease,85963,0,https://www.chinacdc.cn/jksj/jksj01/202407/t20240726_287154.html
2024-01-01,2024-01-31,2024-01,2024-02-19,人感染高致病性禽流感,乙类,disease,0,0,https://www.chinacdc.cn/jksj/jksj01/202407/t20240726_287154.html
2024-01-01,2024-01-31,2024-01,2024-02-19,人感染H7N9禽流感,乙类,disease,0,0,https://www.chinacdc.cn/jksj/jksj01/202407/t20240726_287154.html
2024-01-01,2024-01-31,2024-01,2024-02-19,伤寒和副伤寒,乙类,disease,285,0,https://www.chinacdc.cn/jksj/jksj01/202407/t20240726_287154.html
2024-01-01,2024-01-31,2024-01,2024-02-19,手足口病,丙类,disease,26382,0,https://www.chinacdc.cn/jksj/jksj01/202407/t20240726_287154.html
2024-01-01,2024-01-31,2024-01,2024-02-19,鼠疫,甲类,disease,0,0,https://www.chinacdc.cn/jksj/jksj01/202407/t20240726_287154.html
2024-01-01,2024-01-31,2024-01,2024-02-19,丝虫病,丙类,disease,0,0,https://www.chinacdc.cn/jksj/jksj01/202407/t20240726_287154.html
2024-01-01,2024-01-31,2024-01,2024-02-19,炭疽,乙类,disease,7,0,https://www.chinacdc.cn/jksj/jksj01/202407/t20240726_287154.html
2024-01-01,2024-01-31,2024-01,2024-02-19,未分型肝炎,乙类,disease,630,0,https://www.chinacdc.cn/jksj/jksj01/202407/t20240726_287154.html
2024-01-01,2024-01-31,2024-01,2024-02-19,戊型肝炎,乙类,disease,2996,4,https://www.chinacdc.cn/jksj/jksj01/202407/t20240726_287154.html
2024-01-01,2024-01-31,2024-01,2024-02-19,细菌性和阿米巴性痢疾,乙类,disease,1689,0,https://www.chinacdc.cn/jksj/jksj01/202407/t20240726_287154.html
2024-01-01,2024-01-31,2024-01,2024-02-19,新生儿破伤风,乙类,disease,2,0,https://www.chinacdc.cn/jksj/jksj01/202407/t20240726_287154.html
2024-01-01,2024-01-31,2024-01,2024-02-19,猩红热,乙类,disease,6255,0,https://www.chinacdc.cn/jksj/jksj01/202407/t20240726_287154.html
2024-01-01,2024-01-31,2024-01,2024-02-19,血吸虫病,乙类,disease,5,0,https://www.chinacdc.cn/jksj/jksj01/202407/t20240726_287154.html
2024-01-01,2024-01-31,2024-01,2024-02-19,乙型肝炎,乙类,disease,135873,26,https://www.chinacdc.cn/jksj/jksj01/202407/t20240726_287154.html
2024-02-01,2024-02-29,2024-02,2024-03-18,艾滋病,乙类,disease,3344,1360,https://www.chinacdc.cn/jksj/jksj01/202407/t20240726_287155.html
2024-02-01,2024-02-29,2024-02,2024-03-18,白喉,乙类,disease,0,0,https://www.chinacdc.cn/jksj/jksj01/202407/t20240726_287155.html
2024-02-01,2024-02-29,2024-02,2024-03-18,百日咳,乙类,disease,17105,8,https://www.chinacdc.cn/jksj/jksj01/202407/t20240726_287155.html
2024-02-01,2024-02-29,2024-02,2024-03-18,包虫病,丙类,disease,311,0,https://www.chinacdc.cn/jksj/jksj01/202407/t20240726_287155.html
2024-02-01,2024-02-29,2024-02,2024-03-18,丙类传染病合计,丙类,summary,1319042,0,https://www.chinacdc.cn/jksj/jksj01/202407/t20240726_287155.html
2024-02-01,2024-02-29,2024-02,2024-03-18,丙型肝炎,乙类,disease,15002,44,https://www.chinacdc.cn/jksj/jksj01/202407/t20240726_287155.html
2024-02-01,2024-02-29,2024-02,2024-03-18,病毒性肝炎,乙类,group,142012,74,https://www.chinacdc.cn/jksj/jksj01/202407/t20240726_287155.html
2024-02-01,2024-02-29,2024-02,2024-03-18,布鲁氏菌病,乙类,disease,3758,0,https://www.chinacdc.cn/jksj/jksj01/202407/t20240726_287155.html
2024-02-01,2024-02-29,2024-02,2024-03-18,传染性非典型肺炎,乙类,disease,0,0,https://www.chinacdc.cn/jksj/jksj01/202407/t20240726_287155.html
2024-02-01,2024-02-29,2024-02,2024-03-18,登革热,乙类,disease,42,0,https://www.chinacdc.cn/jksj/jksj01/202407/t20240726_287155.html
2024-02-01,2024-02-29,2024-02,2024-03-18,丁型肝炎,乙类,disease,13,0,https://www.chinacdc.cn/jksj/jksj01/202407/t20240726_287155.html
2024-02-01,2024-02-29,2024-02,2024-03-18,肺结核,乙类,disease,51945,224,https://www.chinacdc.cn/jksj/jksj01/202407/t20240726_287155.html
2024-02-01,2024-02-29,2024-02,2024-03-18,风疹,丙类,disease,33,0,https://www.chinacdc.cn/jksj/jksj01/202407/t20240726_287155.html
2024-02-01,2024-02-29,2024-02,2024-03-18,钩端螺旋体病,乙类,disease,9,0,https://www.chinacdc.cn/jksj/jksj01/202407/t20240726_287155.html
2024-02-01,2024-02-29,2024-02,2024-03-18,黑热病,丙类,disease,18,0,https://www.chinacdc.cn/jksj/jksj01/202407/t20240726_287155.html
2024-02-01,2024-02-29,2024-02,2024-03-18,猴痘,乙类,disease,70,0,https://www.chinacdc.cn/jksj/jksj01/202407/t20240726_287155.html
2024-02-01,2024-02-29,2024-02,2024-03-18,霍乱,甲类,disease,0,0,https://www.chinacdc.cn/jksj/jksj01/202407/t20240726_287155.html
2024-02-01,2024-02-29,2024-02,2024-03-18,急性出血性结膜炎,丙类,disease,1856,0,https://www.chinacdc.cn/jksj/jksj01/202407/t20240726_287155.html
2024-02-01,2024-02-29,2024-02,2024-03-18,脊髓灰质炎,乙类,disease,0,0,https://www.chinacdc.cn/jksj/jksj01/202407/t20240726_287155.html
2024-02-01,2024-02-29,2024-02,2024-03-18,甲型肝炎,乙类,disease,857,0,https://www.chinacdc.cn/jksj/jksj01/202407/t20240726_287155.html
2024-02-01,2024-02-29,2024-02,2024-03-18,甲乙丙类总计,甲乙丙类,summary,1594723,1674,https://www.chinacdc.cn/jksj/jksj01/202407/t20240726_287155.html
2024-02-01,2024-02-29,2024-02,2024-03-18,甲乙类传染病合计,甲乙类,summary,275681,1674,https://www.chinacdc.cn/jksj/jksj01/202407/t20240726_287155.html
2024-02-01,2024-02-29,2024-02,2024-03-18,狂犬病,乙类,disease,4,2,https://www.chinacdc.cn/jksj/jksj01/202407/t20240726_287155.html
2024-02-01,2024-02-29,2024-02,2024-03-18,淋病,乙类,disease,6350,0,https://www.chinacdc.cn/jksj/jksj01/202407/t20240726_287155.html
2024-02-01,2024-02-29,2024-02,2024-03-18,流行性出血热,乙类,disease,247,0,https://www.chinacdc.cn/jksj/jksj01/202407/t20240726_287155.html
2024-02-01,2024-02-29,2024-02,2024-03-18,流行性感冒,丙类,disease,1179029,0,https://www.chinacdc.cn/jksj/jksj01/202407/t20240726_287155.html
2024-02-01,2024-02-29,2024-02,2024-03-18,流行性和地方性斑疹伤寒,丙类,disease,45,0,https://www.chinacdc.cn/jksj/jksj01/202407/t20240726_287155.html
2024-02-01,2024-02-29,2024-02,2024-03-18,流行性脑脊髓膜炎,乙类,disease,11,0,https://www.chinacdc.cn/jksj/jksj01/202407/t20240726_287155.html
2024-02-01,2024-02-29,2024-02,2024-03-18,流行性腮腺炎,丙类,disease,3344,0,https://www.chinacdc.cn/jksj/jksj01/202407/t20240726_287155.html
2024-02-01,2024-02-29,2024-02,2024-03-18,流行性乙型脑炎,乙类,disease,0,1,https://www.chinacdc.cn/jksj/jksj01/202407/t20240726_287155.html
2024-02-01,2024-02-29,2024-02,2024-03-18,麻风病,丙类,disease,24,0,https://www.chinacdc.cn/jksj/jksj01/202407/t20240726_287155.html
2024-02-01,2024-02-29,2024-02,2024-03-18,麻疹,乙类,disease,31,0,https://www.chinacdc.cn/jksj/jksj01/202407/t20240726_287155.html
2024-02-01,2024-02-29,2024-02,2024-03-18,梅毒,乙类,disease,46868,3,https://www.chinacdc.cn/jksj/jksj01/202407/t20240726_287155.html
2024-02-01,2024-02-29,2024-02,2024-03-18,疟疾,乙类,disease,215,2,https://www.chinacdc.cn/jksj/jksj01/202407/t20240726_287155.html
2024-02-01,2024-02-29,2024-02,2024-03-18,其他感染性腹泻病,丙类,disease,125289,0,https://www.chinacdc.cn/jksj/jksj01/202407/t20240726_287155.html
2024-02-01,2024-02-29,2024-02,2024-03-18,人感染高致病性禽流感,乙类,disease,0,0,https://www.chinacdc.cn/jksj/jksj01/202407/t20240726_287155.html
2024-02-01,2024-02-29,2024-02,2024-03-18,人感染H7N9禽流感,乙类,disease,0,0,https://www.chinacdc.cn/jksj/jksj01/202407/t20240726_287155.html
2024-02-01,2024-02-29,2024-02,2024-03-18,伤寒和副伤寒,乙类,disease,190,0,https://www.chinacdc.cn/jksj/jksj01/202407/t20240726_287155.html
2024-02-01,2024-02-29,2024-02,2024-03-18,手足口病,丙类,disease,9093,0,https://www.chinacdc.cn/jksj/jksj01/202407/t20240726_287155.html
2024-02-01,2024-02-29,2024-02,2024-03-18,鼠疫,甲类,disease,0,0,https://www.chinacdc.cn/jksj/jksj01/202407/t20240726_287155.html
2024-02-01,2024-02-29,2024-02,2024-03-18,丝虫病,丙类,disease,0,0,https://www.chinacdc.cn/jksj/jksj01/202407/t20240726_287155.html
2024-02-01,2024-02-29,2024-02,2024-03-18,炭疽,乙类,disease,17,0,https://www.chinacdc.cn/jksj/jksj01/202407/t20240726_287155.html
2024-02-01,2024-02-29,2024-02,2024-03-18,未分型肝炎,乙类,disease,491,0,https://www.chinacdc.cn/jksj/jksj01/202407/t20240726_287155.html
2024-02-01,2024-02-29,2024-02,2024-03-18,戊型肝炎,乙类,disease,2869,2,https://www.chinacdc.cn/jksj/jksj01/202407/t20240726_287155.html
2024-02-01,2024-02-29,2024-02,2024-03-18,细菌性和阿米巴性痢疾,乙类,disease,1673,0,https://www.chinacdc.cn/jksj/jksj01/202407/t20240726_287155.html
2024-02-01,2024-02-29,2024-02,2024-03-18,新生儿破伤风,乙类,disease,2,0,https://www.chinacdc.cn/jksj/jksj01/202407/t20240726_287155.html
2024-02-01,2024-02-29,2024-02,2024-03-18,猩红热,乙类,disease,1783,0,https://www.chinacdc.cn/jksj/jksj01/202407/t20240726_287155.html
2024-02-01,2024-02-29,2024-02,2024-03-18,血吸虫病,乙类,disease,5,0,https://www.chinacdc.cn/jksj/jksj01/202407/t20240726_287155.html
2024-02-01,2024-02-29,2024-02,2024-03-18,乙型肝炎,乙类,disease,122780,28,https://www.chinacdc.cn/jksj/jksj01/202407/t20240726_287155.html
2024-03-01,2024-03-31,2024-03,2024-04-22,艾滋病,乙类,disease,5422,1857,https://www.chinacdc.cn/jksj/jksj01/202407/t20240731_287615.html
2024-03-01,2024-03-31,2024-03,2024-04-22,白喉,乙类,disease,0,0,https://www.chinacdc.cn/jksj/jksj01/202407/t20240731_287615.html
2024-03-01,2024-03-31,2024-03,2024-04-22,百日咳,乙类,disease,27078,0,https://www.chinacdc.cn/jksj/jksj01/202407/t20240731_287615.html
2024-03-01,2024-03-31,2024-03,2024-04-22,包虫病,丙类,disease,534,0,https://www.chinacdc.cn/jksj/jksj01/202407/t20240731_287615.html
2024-03-01,2024-03-31,2024-03,2024-04-22,丙类传染病合计,丙类,summary,1081905,4,https://www.chinacdc.cn/jksj/jksj01/202407/t20240731_287615.html
2024-03-01,2024-03-31,2024-03,2024-04-22,丙型肝炎,乙类,disease,22215,133,https://www.chinacdc.cn/jksj/jksj01/202407/t20240731_287615.html
2024-03-01,2024-03-31,2024-03,2024-04-22,病毒性肝炎,乙类,group,181006,160,https://www.chinacdc.cn/jksj/jksj01/202407/t20240731_287615.html
2024-03-01,2024-03-31,2024-03,2024-04-22,布鲁氏菌病,乙类,disease,6197,0,https://www.chinacdc.cn/jksj/jksj01/202407/t20240731_287615.html
2024-03-01,2024-03-31,2024-03,2024-04-22,传染性非典型肺炎,乙类,disease,0,0,https://www.chinacdc.cn/jksj/jksj01/202407/t20240731_287615.html
2024-03-01,2024-03-31,2024-03,2024-04-22,登革热,乙类,disease,38,0,https://www.chinacdc.cn/jksj/jksj01/202407/t20240731_287615.html
2024-03-01,2024-03-31,2024-03,2024-04-22,丁型肝炎,乙类,disease,19,0,https://www.chinacdc.cn/jksj/jksj01/202407/t20240731_287615.html
2024-03-01,2024-03-31,2024-03,2024-04-22,肺结核,乙类,disease,70013,295,https://www.chinacdc.cn/jksj/jksj01/202407/t20240731_287615.html
2024-03-01,2024-03-31,2024-03,2024-04-22,风疹,丙类,disease,67,0,https://www.chinacdc.cn/jksj/jksj01/202407/t20240731_287615.html
2024-03-01,2024-03-31,2024-03,2024-04-22,钩端螺旋体病,乙类,disease,6,0,https://www.chinacdc.cn/jksj/jksj01/202407/t20240731_287615.html
2024-03-01,2024-03-31,2024-03,2024-04-22,黑热病,丙类,disease,16,0,https://www.chinacdc.cn/jksj/jksj01/202407/t20240731_287615.html
2024-03-01,2024-03-31,2024-03,2024-04-22,猴痘,乙类,disease,51,0,https://www.chinacdc.cn/jksj/jksj01/202407/t20240731_287615.html
2024-03-01,2024-03-31,2024-03,2024-04-22,霍乱,甲类,disease,0,0,https://www.chinacdc.cn/jksj/jksj01/202407/t20240731_287615.html
2024-03-01,2024-03-31,2024-03,2024-04-22,急性出血性结膜炎,丙类,disease,2676,0,https://www.chinacdc.cn/jksj/jksj01/202407/t20240731_287615.html
2024-03-01,2024-03-31,2024-03,2024-04-22,脊髓灰质炎,乙类,disease,0,0,https://www.chinacdc.cn/jksj/jksj01/202407/t20240731_287615.html
2024-03-01,2024-03-31,2024-03,2024-04-22,甲型肝炎,乙类,disease,1542,2,https://www.chinacdc.cn/jksj/jksj01/202407/t20240731_287615.html
2024-03-01,2024-03-31,2024-03,2024-04-22,甲乙丙类总计,甲乙丙类,summary,1450149,2329,https://www.chinacdc.cn/jksj/jksj01/202407/t20240731_287615.html
2024-03-01,2024-03-31,2024-03,2024-04-22,甲乙类传染病合计,甲乙类,summary,368244,2325,https://www.chinacdc.cn/jksj/jksj01/202407/t20240731_287615.html
2024-03-01,2024-03-31,2024-03,2024-04-22,狂犬病,乙类,disease,6,6,https://www.chinacdc.cn/jksj/jksj01/202407/t20240731_287615.html
2024-03-01,2024-03-31,2024-03,2024-04-22,淋病,乙类,disease,7824,0,https://www.chinacdc.cn/jksj/jksj01/202407/t20240731_287615.html
2024-03-01,2024-03-31,2024-03,2024-04-22,流行性出血热,乙类,disease,234,0,https://www.chinacdc.cn/jksj/jksj01/202407/t20240731_287615.html
2024-03-01,2024-03-31,2024-03,2024-04-22,流行性感冒,丙类,disease,856355,3,https://www.chinacdc.cn/jksj/jksj01/202407/t20240731_287615.html
2024-03-01,2024-03-31,2024-03,2024-04-22,流行性和地方性斑疹伤寒,丙类,disease,51,0,https://www.chinacdc.cn/jksj/jksj01/202407/t20240731_287615.html
2024-03-01,2024-03-31,2024-03,2024-04-22,流行性脑脊髓膜炎,乙类,disease,15,0,https://www.chinacdc.cn/jksj/jksj01/202407/t20240731_287615.html
2024-03-01,2024-03-31,2024-03,2024-04-22,流行性腮腺炎,丙类,disease,6966,0,https://www.chinacdc.cn/jksj/jksj01/202407/t20240731_287615.html
2024-03-01,2024-03-31,2024-03,2024-04-22,流行性乙型脑炎,乙类,disease,0,0,https://www.chinacdc.cn/jksj/jksj01/202407/t20240731_287615.html
2024-03-01,2024-03-31,2024-03,2024-04-22,麻风病,丙类,disease,53,0,https://www.chinacdc.cn/jksj/jksj01/202407/t20240731_287615.html
2024-03-01,2024-03-31,2024-03,2024-04-22,麻疹,乙类,disease,66,0,https://www.chinacdc.cn/jksj/jksj01/202407/t20240731_287615.html
2024-03-01,2024-03-31,2024-03,2024-04-22,梅毒,乙类,disease,64161,7,https://www.chinacdc.cn/jksj/jksj01/202407/t20240731_287615.html
2024-03-01,2024-03-31,2024-03,2024-04-22,疟疾,乙类,disease,150,0,https://www.chinacdc.cn/jksj/jksj01/202407/t20240731_287615.html
2024-03-01,2024-03-31,2024-03,2024-04-22,其他感染性腹泻病,丙类,disease,196347,1,https://www.chinacdc.cn/jksj/jksj01/202407/t20240731_287615.html
2024-03-01,2024-03-31,2024-03,2024-04-22,人感染高致病性禽流感,乙类,disease,0,0,https://www.chinacdc.cn/jksj/jksj01/202407/t20240731_287615.html
2024-03-01,2024-03-31,2024-03,2024-04-22,人感染H7N9禽流感,乙类,disease,0,0,https://www.chinacdc.cn/jksj/jksj01/202407/t20240731_287615.html
2024-03-01,2024-03-31,2024-03,2024-04-22,伤寒和副伤寒,乙类,disease,249,0,https://www.chinacdc.cn/jksj/jksj01/202407/t20240731_287615.html
2024-03-01,2024-03-31,2024-03,2024-04-22,手足口病,丙类,disease,18840,0,https://www.chinacdc.cn/jksj/jksj01/202407/t20240731_287615.html
2024-03-01,2024-03-31,2024-03,2024-04-22,鼠疫,甲类,disease,0,0,https://www.chinacdc.cn/jksj/jksj01/202407/t20240731_287615.html
2024-03-01,2024-03-31,2024-03,2024-04-22,丝虫病,丙类,disease,0,0,https://www.chinacdc.cn/jksj/jksj01/202407/t20240731_287615.html
2024-03-01,2024-03-31,2024-03,2024-04-22,炭疽,乙类,disease,30,0,https://www.chinacdc.cn/jksj/jksj01/202407/t20240731_287615.html
2024-03-01,2024-03-31,2024-03,2024-04-22,未分型肝炎,乙类,disease,587,1,https://www.chinacdc.cn/jksj/jksj01/202407/t20240731_287615.html
2024-03-01,2024-03-31,2024-03,2024-04-22,戊型肝炎,乙类,disease,3676,0,https://www.chinacdc.cn/jksj/jksj01/202407/t20240731_287615.html
2024-03-01,2024-03-31,2024-03,2024-04-22,细菌性和阿米巴性痢疾,乙类,disease,2087,0,https://www.chinacdc.cn/jksj/jksj01/202407/t20240731_287615.html
2024-03-01,2024-03-31,2024-03,2024-04-22,新生儿破伤风,乙类,disease,0,0,https://www.chinacdc.cn/jksj/jksj01/202407/t20240731_287615.html
2024-03-01,2024-03-31,2024-03,2024-04-22,猩红热,乙类,disease,3610,0,https://www.chinacdc.cn/jksj/jksj01/202407/t20240731_287615.html
2024-03-01,2024-03-31,2024-03,2024-04-22,血吸虫病,乙类,disease,1,0,https://www.chinacdc.cn/jksj/jksj01/202407/t20240731_287615.html
2024-03-01,2024-03-31,2024-03,2024-04-22,乙型肝炎,乙类,disease,152967,24,https://www.chinacdc.cn/jksj/jksj01/202407/t20240731_287615.html
2024-04-01,2024-04-30,2024-04,2024-05-31,艾滋病,乙类,disease,5357,1718,https://www.chinacdc.cn/jksj/jksj01/202407/t20240731_287616.html
2024-04-01,2024-04-30,2024-04,2024-05-31,白喉,乙类,disease,0,0,https://www.chinacdc.cn/jksj/jksj01/202407/t20240731_287616.html
2024-04-01,2024-04-30,2024-04,2024-05-31,百日咳,乙类,disease,91272,7,https://www.chinacdc.cn/jksj/jksj01/202407/t20240731_287616.html
2024-04-01,2024-04-30,2024-04,2024-05-31,包虫病,丙类,disease,485,0,https://www.chinacdc.cn/jksj/jksj01/202407/t20240731_287616.html
2024-04-01,2024-04-30,2024-04,2024-05-31,丙类传染病合计,丙类,summary,700044,0,https://www.chinacdc.cn/jksj/jksj01/202407/t20240731_287616.html
2024-04-01,2024-04-30,2024-04,2024-05-31,丙型肝炎,乙类,disease,21905,209,https://www.chinacdc.cn/jksj/jksj01/202407/t20240731_287616.html
2024-04-01,2024-04-30,2024-04,2024-05-31,病毒性肝炎,乙类,group,168275,231,https://www.chinacdc.cn/jksj/jksj01/202407/t20240731_287616.html
2024-04-01,2024-04-30,2024-04,2024-05-31,布鲁氏菌病,乙类,disease,7141,1,https://www.chinacdc.cn/jksj/jksj01/202407/t20240731_287616.html
2024-04-01,2024-04-30,2024-04,2024-05-31,传染性非典型肺炎,乙类,disease,0,0,https://www.chinacdc.cn/jksj/jksj01/202407/t20240731_287616.html
2024-04-01,2024-04-30,2024-04,2024-05-31,登革热,乙类,disease,58,0,https://www.chinacdc.cn/jksj/jksj01/202407/t20240731_287616.html
2024-04-01,2024-04-30,2024-04,2024-05-31,丁型肝炎,乙类,disease,17,0,https://www.chinacdc.cn/jksj/jksj01/202407/t20240731_287616.html
2024-04-01,2024-04-30,2024-04,2024-05-31,肺结核,乙类,disease,68732,319,https://www.chinacdc.cn/jksj/jksj01/202407/t20240731_287616.html
2024-04-01,2024-04-30,2024-04,2024-05-31,风疹,丙类,disease,68,0,https://www.chinacdc.cn/jksj/jksj01/202407/t20240731_287616.html
2024-04-01,2024-04-30,2024-04,2024-05-31,钩端螺旋体病,乙类,disease,7,0,https://www.chinacdc.cn/jksj/jksj01/202407/t20240731_287616.html
2024-04-01,2024-04-30,2024-04,2024-05-31,黑热病,丙类,disease,33,0,https://www.chinacdc.cn/jksj/jksj01/202407/t20240731_287616.html
2024-04-01,2024-04-30,2024-04,2024-05-31,猴痘,乙类,disease,39,0,https://www.chinacdc.cn/jksj/jksj01/202407/t20240731_287616.html
2024-04-01,2024-04-30,2024-04,2024-05-31,霍乱,甲类,disease,0,0,https://www.chinacdc.cn/jksj/jksj01/202407/t20240731_287616.html
2024-04-01,2024-04-30,2024-04,2024-05-31,急性出血性结膜炎,丙类,disease,2803,0,https://www.chinacdc.cn/jksj/jksj01/202407/t20240731_287616.html
2024-04-01,2024-04-30,2024-04,2024-05-31,脊髓灰质炎,乙类,disease,0,0,https://www.chinacdc.cn/jksj/jksj01/202407/t20240731_287616.html
2024-04-01,2024-04-30,2024-04,2024-05-31,甲型肝炎,乙类,disease,1624,0,https://www.chinacdc.cn/jksj/jksj01/202407/t20240731_287616.html
2024-04-01,2024-04-30,2024-04,2024-05-31,甲乙丙类总计,甲乙丙类,summary,1120260,2290,https://www.chinacdc.cn/jksj/jksj01/202407/t20240731_287616.html
2024-04-01,2024-04-30,2024-04,2024-05-31,甲乙类传染病合计,甲乙类,summary,420216,2290,https://www.chinacdc.cn/jksj/jksj01/202407/t20240731_287616.html
2024-04-01,2024-04-30,2024-04,2024-05-31,狂犬病,乙类,disease,9,8,https://www.chinacdc.cn/jksj/jksj01/202407/t20240731_287616.html
2024-04-01,2024-04-30,2024-04,2024-05-31,淋病,乙类,disease,8138,0,https://www.chinacdc.cn/jksj/jksj01/202407/t20240731_287616.html
2024-04-01,2024-04-30,2024-04,2024-05-31,流行性出血热,乙类,disease,300,1,https://www.chinacdc.cn/jksj/jksj01/202407/t20240731_287616.html
2024-04-01,2024-04-30,2024-04,2024-05-31,流行性感冒,丙类,disease,441711,0,https://www.chinacdc.cn/jksj/jksj01/202407/t20240731_287616.html
2024-04-01,2024-04-30,2024-04,2024-05-31,流行性和地方性斑疹伤寒,丙类,disease,153,0,https://www.chinacdc.cn/jksj/jksj01/202407/t20240731_287616.html
2024-04-01,2024-04-30,2024-04,2024-05-31,流行性脑脊髓膜炎,乙类,disease,15,0,https://www.chinacdc.cn/jksj/jksj01/202407/t20240731_287616.html
2024-04-01,2024-04-30,2024-04,2024-05-31,流行性腮腺炎,丙类,disease,9255,0,https://www.chinacdc.cn/jksj/jksj01/202407/t20240731_287616.html
2024-04-01,2024-04-30,2024-04,2024-05-31,流行性乙型脑炎,乙类,disease,1,0,https://www.chinacdc.cn/jksj/jksj01/202407/t20240731_287616.html
2024-04-01,2024-04-30,2024-04,2024-05-31,麻风病,丙类,disease,43,0,https://www.chinacdc.cn/jksj/jksj01/202407/t20240731_287616.html
2024-04-01,2024-04-30,2024-04,2024-05-31,麻疹,乙类,disease,148,0,https://www.chinacdc.cn/jksj/jksj01/202407/t20240731_287616.html
2024-04-01,2024-04-30,2024-04,2024-05-31,梅毒,乙类,disease,61511,4,https://www.chinacdc.cn/jksj/jksj01/202407/t20240731_287616.html
2024-04-01,2024-04-30,2024-04,2024-05-31,疟疾,乙类,disease,190,1,https://www.chinacdc.cn/jksj/jksj01/202407/t20240731_287616.html
2024-04-01,2024-04-30,2024-04,2024-05-31,其他感染性腹泻病,丙类,disease,143289,0,https://www.chinacdc.cn/jksj/jksj01/202407/t20240731_287616.html
2024-04-01,2024-04-30,2024-04,2024-05-31,人感染高致病性禽流感,乙类,disease,0,0,https://www.chinacdc.cn/jksj/jksj01/202407/t20240731_287616.html
2024-04-01,2024-04-30,2024-04,2024-05-31,人感染H7N9禽流感,乙类,disease,0,0,https://www.chinacdc.cn/jksj/jksj01/202407/t20240731_287616.html
2024-04-01,2024-04-30,2024-04,2024-05-31,伤寒和副伤寒,乙类,disease,354,0,https://www.chinacdc.cn/jksj/jksj01/202407/t20240731_287616.html
2024-04-01,2024-04-30,2024-04,2024-05-31,手足口病,丙类,disease,102204,0,https://www.chinacdc.cn/jksj/jksj01/202407/t20240731_287616.html
2024-04-01,2024-04-30,2024-04,2024-05-31,鼠疫,甲类,disease,0,0,https://www.chinacdc.cn/jksj/jksj01/202407/t20240731_287616.html
2024-04-01,2024-04-30,2024-04,2024-05-31,丝虫病,丙类,disease,0,0,https://www.chinacdc.cn/jksj/jksj01/202407/t20240731_287616.html
2024-04-01,2024-04-30,2024-04,2024-05-31,炭疽,乙类,disease,20,0,https://www.chinacdc.cn/jksj/jksj01/202407/t20240731_287616.html
2024-04-01,2024-04-30,2024-04,2024-05-31,未分型肝炎,乙类,disease,572,0,https://www.chinacdc.cn/jksj/jksj01/202407/t20240731_287616.html
2024-04-01,2024-04-30,2024-04,2024-05-31,戊型肝炎,乙类,disease,3593,1,https://www.chinacdc.cn/jksj/jksj01/202407/t20240731_287616.html
2024-04-01,2024-04-30,2024-04,2024-05-31,细菌性和阿米巴性痢疾,乙类,disease,2522,0,https://www.chinacdc.cn/jksj/jksj01/202407/t20240731_287616.html
2024-04-01,2024-04-30,2024-04,2024-05-31,新生儿破伤风,乙类,disease,0,0,https://www.chinacdc.cn/jksj/jksj01/202407/t20240731_287616.html
2024-04-01,2024-04-30,2024-04,2024-05-31,猩红热,乙类,disease,6125,0,https://www.chinacdc.cn/jksj/jksj01/202407/t20240731_287616.html
2024-04-01,2024-04-30,2024-04,2024-05-31,血吸虫病,乙类,disease,2,0,https://www.chinacdc.cn/jksj/jksj01/202407/t20240731_287616.html
2024-04-01,2024-04-30,2024-04,2024-05-31,乙型肝炎,乙类,disease,140564,21,https://www.chinacdc.cn/jksj/jksj01/202407/t20240731_287616.html
2024-05-01,2024-05-31,2024-05,2024-06-28,艾滋病,乙类,disease,4987,1611,https://www.chinacdc.cn/jksj/jksj01/202407/t20240731_287637.html
2024-05-01,2024-05-31,2024-05,2024-06-28,白喉,乙类,disease,0,0,https://www.chinacdc.cn/jksj/jksj01/202407/t20240731_287637.html
2024-05-01,2024-05-31,2024-05,2024-06-28,百日咳,乙类,disease,97669,2,https://www.chinacdc.cn/jksj/jksj01/202407/t20240731_287637.html
2024-05-01,2024-05-31,2024-05,2024-06-28,包虫病,丙类,disease,380,0,https://www.chinacdc.cn/jksj/jksj01/202407/t20240731_287637.html
2024-05-01,2024-05-31,2024-05,2024-06-28,丙类传染病合计,丙类,summary,803034,4,https://www.chinacdc.cn/jksj/jksj01/202407/t20240731_287637.html
2024-05-01,2024-05-31,2024-05,2024-06-28,丙型肝炎,乙类,disease,20462,174,https://www.chinacdc.cn/jksj/jksj01/202407/t20240731_287637.html
2024-05-01,2024-05-31,2024-05,2024-06-28,病毒性肝炎,乙类,group,165333,195,https://www.chinacdc.cn/jksj/jksj01/202407/t20240731_287637.html
2024-05-01,2024-05-31,2024-05,2024-06-28,布鲁氏菌病,乙类,disease,8007,1,https://www.chinacdc.cn/jksj/jksj01/202407/t20240731_287637.html
2024-05-01,2024-05-31,2024-05,2024-06-28,传染性非典型肺炎,乙类,disease,0,0,https://www.chinacdc.cn/jksj/jksj01/202407/t20240731_287637.html
2024-05-01,2024-05-31,2024-05,2024-06-28,登革热,乙类,disease,109,0,https://www.chinacdc.cn/jksj/jksj01/202407/t20240731_287637.html
2024-05-01,2024-05-31,2024-05,2024-06-28,丁型肝炎,乙类,disease,15,0,https://www.chinacdc.cn/jksj/jksj01/202407/t20240731_287637.html
2024-05-01,2024-05-31,2024-05,2024-06-28,肺结核,乙类,disease,63595,251,https://www.chinacdc.cn/jksj/jksj01/202407/t20240731_287637.html
2024-05-01,2024-05-31,2024-05,2024-06-28,风疹,丙类,disease,82,0,https://www.chinacdc.cn/jksj/jksj01/202407/t20240731_287637.html
2024-05-01,2024-05-31,2024-05,2024-06-28,钩端螺旋体病,乙类,disease,22,0,https://www.chinacdc.cn/jksj/jksj01/202407/t20240731_287637.html
2024-05-01,2024-05-31,2024-05,2024-06-28,黑热病,丙类,disease,27,0,https://www.chinacdc.cn/jksj/jksj01/202407/t20240731_287637.html
2024-05-01,2024-05-31,2024-05,2024-06-28,猴痘,乙类,disease,49,0,https://www.chinacdc.cn/jksj/jksj01/202407/t20240731_287637.html
2024-05-01,2024-05-31,2024-05,2024-06-28,霍乱,甲类,disease,0,0,https://www.chinacdc.cn/jksj/jksj01/202407/t20240731_287637.html
2024-05-01,2024-05-31,2024-05,2024-06-28,急性出血性结膜炎,丙类,disease,2920,0,https://www.chinacdc.cn/jksj/jksj01/202407/t20240731_287637.html
2024-05-01,2024-05-31,2024-05,2024-06-28,脊髓灰质炎,乙类,disease,0,0,https://www.chinacdc.cn/jksj/jksj01/202407/t20240731_287637.html
2024-05-01,2024-05-31,2024-05,2024-06-28,甲型肝炎,乙类,disease,1419,0,https://www.chinacdc.cn/jksj/jksj01/202407/t20240731_287637.html
2024-05-01,2024-05-31,2024-05,2024-06-28,甲乙丙类总计,甲乙丙类,summary,1227286,2084,https://www.chinacdc.cn/jksj/jksj01/202407/t20240731_287637.html
2024-05-01,2024-05-31,2024-05,2024-06-28,甲乙类传染病合计,甲乙类,summary,424252,2080,https://www.chinacdc.cn/jksj/jksj01/202407/t20240731_287637.html
2024-05-01,2024-05-31,2024-05,2024-06-28,狂犬病,乙类,disease,13,10,https://www.chinacdc.cn/jksj/jksj01/202407/t20240731_287637.html
2024-05-01,2024-05-31,2024-05,2024-06-28,淋病,乙类,disease,8611,0,https://www.chinacdc.cn/jksj/jksj01/202407/t20240731_287637.html
2024-05-01,2024-05-31,2024-05,2024-06-28,流行性出血热,乙类,disease,359,2,https://www.chinacdc.cn/jksj/jksj01/202407/t20240731_287637.html
2024-05-01,2024-05-31,2024-05,2024-06-28,流行性感冒,丙类,disease,440431,4,https://www.chinacdc.cn/jksj/jksj01/202407/t20240731_287637.html
2024-05-01,2024-05-31,2024-05,2024-06-28,流行性和地方性斑疹伤寒,丙类,disease,190,0,https://www.chinacdc.cn/jksj/jksj01/202407/t20240731_287637.html
2024-05-01,2024-05-31,2024-05,2024-06-28,流行性脑脊髓膜炎,乙类,disease,12,0,https://www.chinacdc.cn/jksj/jksj01/202407/t20240731_287637.html
2024-05-01,2024-05-31,2024-05,2024-06-28,流行性腮腺炎,丙类,disease,10197,0,https://www.chinacdc.cn/jksj/jksj01/202407/t20240731_287637.html
2024-05-01,2024-05-31,2024-05,2024-06-28,流行性乙型脑炎,乙类,disease,3,0,https://www.chinacdc.cn/jksj/jksj01/202407/t20240731_287637.html
2024-05-01,2024-05-31,2024-05,2024-06-28,麻风病,丙类,disease,31,0,https://www.chinacdc.cn/jksj/jksj01/202407/t20240731_287637.html
2024-05-01,2024-05-31,2024-05,2024-06-28,麻疹,乙类,disease,162,0,https://www.chinacdc.cn/jksj/jksj01/202407/t20240731_287637.html
2024-05-01,2024-05-31,2024-05,2024-06-28,梅毒,乙类,disease,60962,7,https://www.chinacdc.cn/jksj/jksj01/202407/t20240731_287637.html
2024-05-01,2024-05-31,2024-05,2024-06-28,疟疾,乙类,disease,236,0,https://www.chinacdc.cn/jksj/jksj01/202407/t20240731_287637.html
2024-05-01,2024-05-31,2024-05,2024-06-28,其他感染性腹泻病,丙类,disease,122593,0,https://www.chinacdc.cn/jksj/jksj01/202407/t20240731_287637.html
2024-05-01,2024-05-31,2024-05,2024-06-28,人感染高致病性禽流感,乙类,disease,0,0,https://www.chinacdc.cn/jksj/jksj01/202407/t20240731_287637.html
2024-05-01,2024-05-31,2024-05,2024-06-28,人感染H7N9禽流感,乙类,disease,0,0,https://www.chinacdc.cn/jksj/jksj01/202407/t20240731_287637.html
2024-05-01,2024-05-31,2024-05,2024-06-28,伤寒和副伤寒,乙类,disease,418,0,https://www.chinacdc.cn/jksj/jksj01/202407/t20240731_287637.html
2024-05-01,2024-05-31,2024-05,2024-06-28,手足口病,丙类,disease,226183,0,https://www.chinacdc.cn/jksj/jksj01/202407/t20240731_287637.html
2024-05-01,2024-05-31,2024-05,2024-06-28,鼠疫,甲类,disease,0,0,https://www.chinacdc.cn/jksj/jksj01/202407/t20240731_287637.html
2024-05-01,2024-05-31,2024-05,2024-06-28,丝虫病,丙类,disease,0,0,https://www.chinacdc.cn/jksj/jksj01/202407/t20240731_287637.html
2024-05-01,2024-05-31,2024-05,2024-06-28,炭疽,乙类,disease,21,1,https://www.chinacdc.cn/jksj/jksj01/202407/t20240731_287637.html
2024-05-01,2024-05-31,2024-05,2024-06-28,未分型肝炎,乙类,disease,604,0,https://www.chinacdc.cn/jksj/jksj01/202407/t20240731_287637.html
2024-05-01,2024-05-31,2024-05,2024-06-28,戊型肝炎,乙类,disease,3310,1,https://www.chinacdc.cn/jksj/jksj01/202407/t20240731_287637.html
2024-05-01,2024-05-31,2024-05,2024-06-28,细菌性和阿米巴性痢疾,乙类,disease,3408,0,https://www.chinacdc.cn/jksj/jksj01/202407/t20240731_287637.html
2024-05-01,2024-05-31,2024-05,2024-06-28,新生儿破伤风,乙类,disease,2,0,https://www.chinacdc.cn/jksj/jksj01/202407/t20240731_287637.html
2024-05-01,2024-05-31,2024-05,2024-06-28,猩红热,乙类,disease,10271,0,https://www.chinacdc.cn/jksj/jksj01/202407/t20240731_287637.html
2024-05-01,2024-05-31,2024-05,2024-06-28,血吸虫病,乙类,disease,3,0,https://www.chinacdc.cn/jksj/jksj01/202407/t20240731_287637.html
2024-05-01,2024-05-31,2024-05,2024-06-28,乙型肝炎,乙类,disease,139523,20,https://www.chinacdc.cn/jksj/jksj01/202407/t20240731_287637.html
2024-06-01,2024-06-30,2024-06,2024-07-29,艾滋病,乙类,disease,5201,1680,https://www.chinacdc.cn/jksj/jksj01/202407/t20240731_287639.html
2024-06-01,2024-06-30,2024-06,2024-07-29,白喉,乙类,disease,0,0,https://www.chinacdc.cn/jksj/jksj01/202407/t20240731_287639.html
2024-06-01,2024-06-30,2024-06,2024-07-29,百日咳,乙类,disease,85817,1,https://www.chinacdc.cn/jksj/jksj01/202407/t20240731_287639.html
2024-06-01,2024-06-30,2024-06,2024-07-29,包虫病,丙类,disease,302,0,https://www.chinacdc.cn/jksj/jksj01/202407/t20240731_287639.html
2024-06-01,2024-06-30,2024-06,2024-07-29,丙类传染病合计,丙类,summary,726726,1,https://www.chinacdc.cn/jksj/jksj01/202407/t20240731_287639.html
2024-06-01,2024-06-30,2024-06,2024-07-29,丙型肝炎,乙类,disease,18600,239,https://www.chinacdc.cn/jksj/jksj01/202407/t20240731_287639.html
2024-06-01,2024-06-30,2024-06,2024-07-29,病毒性肝炎,乙类,group,152225,265,https://www.chinacdc.cn/jksj/jksj01/202407/t20240731_287639.html
2024-06-01,2024-06-30,2024-06,2024-07-29,布鲁氏菌病,乙类,disease,7711,0,https://www.chinacdc.cn/jksj/jksj01/202407/t20240731_287639.html
2024-06-01,2024-06-30,2024-06,2024-07-29,传染性非典型肺炎,乙类,disease,0,0,https://www.chinacdc.cn/jksj/jksj01/202407/t20240731_287639.html
2024-06-01,2024-06-30,2024-06,2024-07-29,登革热,乙类,disease,130,0,https://www.chinacdc.cn/jksj/jksj01/202407/t20240731_287639.html
2024-06-01,2024-06-30,2024-06,2024-07-29,丁型肝炎,乙类,disease,16,0,https://www.chinacdc.cn/jksj/jksj01/202407/t20240731_287639.html
2024-06-01,2024-06-30,2024-06,2024-07-29,肺结核,乙类,disease,58241,291,https://www.chinacdc.cn/jksj/jksj01/202407/t20240731_287639.html
2024-06-01,2024-06-30,2024-06,2024-07-29,风疹,丙类,disease,73,0,https://www.chinacdc.cn/jksj/jksj01/202407/t20240731_287639.html
2024-06-01,2024-06-30,2024-06,2024-07-29,钩端螺旋体病,乙类,disease,21,0,https://www.chinacdc.cn/jksj/jksj01/202407/t20240731_287639.html
2024-06-01,2024-06-30,2024-06,2024-07-29,黑热病,丙类,disease,24,0,https://www.chinacdc.cn/jksj/jksj01/202407/t20240731_287639.html
2024-06-01,2024-06-30,2024-06,2024-07-29,猴痘,乙类,disease,51,0,https://www.chinacdc.cn/jksj/jksj01/202407/t20240731_287639.html
2024-06-01,2024-06-30,2024-06,2024-07-29,霍乱,甲类,disease,0,0,https://www.chinacdc.cn/jksj/jksj01/202407/t20240731_287639.html
2024-06-01,2024-06-30,2024-06,2024-07-29,急性出血性结膜炎,丙类,disease,2971,0,https://www.chinacdc.cn/jksj/jksj01/202407/t20240731_287639.html
2024-06-01,2024-06-30,2024-06,2024-07-29,脊髓灰质炎,乙类,disease,0,0,https://www.chinacdc.cn/jksj/jksj01/202407/t20240731_287639.html
2024-06-01,2024-06-30,2024-06,2024-07-29,甲型肝炎,乙类,disease,1128,0,https://www.chinacdc.cn/jksj/jksj01/202407/t20240731_287639.html
2024-06-01,2024-06-30,2024-06,2024-07-29,甲乙丙类总计,甲乙丙类,summary,1117408,2254,https://www.chinacdc.cn/jksj/jksj01/202407/t20240731_287639.html
2024-06-01,2024-06-30,2024-06,2024-07-29,甲乙类传染病合计,甲乙类,summary,390682,2253,https://www.chinacdc.cn/jksj/jksj01/202407/t20240731_287639.html
2024-06-01,2024-06-30,2024-06,2024-07-29,狂犬病,乙类,disease,13,10,https://www.chinacdc.cn/jksj/jksj01/202407/t20240731_287639.html
2024-06-01,2024-06-30,2024-06,2024-07-29,淋病,乙类,disease,8396,0,https://www.chinacdc.cn/jksj/jksj01/202407/t20240731_287639.html
2024-06-01,2024-06-30,2024-06,2024-07-29,流行性出血热,乙类,disease,433,0,https://www.chinacdc.cn/jksj/jksj01/202407/t20240731_287639.html
2024-06-01,2024-06-30,2024-06,2024-07-29,流行性感冒,丙类,disease,314709,1,https://www.chinacdc.cn/jksj/jksj01/202407/t20240731_287639.html
2024-06-01,2024-06-30,2024-06,2024-07-29,流行性和地方性斑疹伤寒,丙类,disease,131,0,https://www.chinacdc.cn/jksj/jksj01/202407/t20240731_287639.html
2024-06-01,2024-06-30,2024-06,2024-07-29,流行性脑脊髓膜炎,乙类,disease,8,0,https://www.chinacdc.cn/jksj/jksj01/202407/t20240731_287639.html
2024-06-01,2024-06-30,2024-06,2024-07-29,流行性腮腺炎,丙类,disease,9939,0,https://www.chinacdc.cn/jksj/jksj01/202407/t20240731_287639.html
2024-06-01,2024-06-30,2024-06,2024-07-29,流行性乙型脑炎,乙类,disease,5,0,https://www.chinacdc.cn/jksj/jksj01/202407/t20240731_287639.html
2024-06-01,2024-06-30,2024-06,2024-07-29,麻风病,丙类,disease,26,0,https://www.chinacdc.cn/jksj/jksj01/202407/t20240731_287639.html
2024-06-01,2024-06-30,2024-06,2024-07-29,麻疹,乙类,disease,201,0,https://www.chinacdc.cn/jksj/jksj01/202407/t20240731_287639.html
2024-06-01,2024-06-30,2024-06,2024-07-29,梅毒,乙类,disease,54760,5,https://www.chinacdc.cn/jksj/jksj01/202407/t20240731_287639.html
2024-06-01,2024-06-30,2024-06,2024-07-29,疟疾,乙类,disease,299,1,https://www.chinacdc.cn/jksj/jksj01/202407/t20240731_287639.html
2024-06-01,2024-06-30,2024-06,2024-07-29,其他感染性腹泻病,丙类,disease,122585,0,https://www.chinacdc.cn/jksj/jksj01/202407/t20240731_287639.html
2024-06-01,2024-06-30,2024-06,2024-07-29,人感染高致病性禽流感,乙类,disease,0,0,https://www.chinacdc.cn/jksj/jksj01/202407/t20240731_287639.html
2024-06-01,2024-06-30,2024-06,2024-07-29,人感染H7N9禽流感,乙类,disease,0,0,https://www.chinacdc.cn/jksj/jksj01/202407/t20240731_287639.html
2024-06-01,2024-06-30,2024-06,2024-07-29,伤寒和副伤寒,乙类,disease,532,0,https://www.chinacdc.cn/jksj/jksj01/202407/t20240731_287639.html
2024-06-01,2024-06-30,2024-06,2024-07-29,手足口病,丙类,disease,275966,0,https://www.chinacdc.cn/jksj/jksj01/202407/t20240731_287639.html
2024-06-01,2024-06-30,2024-06,2024-07-29,鼠疫,甲类,disease,0,0,https://www.chinacdc.cn/jksj/jksj01/202407/t20240731_287639.html
2024-06-01,2024-06-30,2024-06,2024-07-29,丝虫病,丙类,disease,0,0,https://www.chinacdc.cn/jksj/jksj01/202407/t20240731_287639.html
2024-06-01,2024-06-30,2024-06,2024-07-29,炭疽,乙类,disease,41,0,https://www.chinacdc.cn/jksj/jksj01/202407/t20240731_287639.html
2024-06-01,2024-06-30,2024-06,2024-07-29,未分型肝炎,乙类,disease,522,0,https://www.chinacdc.cn/jksj/jksj01/202407/t20240731_287639.html
2024-06-01,2024-06-30,2024-06,2024-07-29,戊型肝炎,乙类,disease,2738,2,https://www.chinacdc.cn/jksj/jksj01/202407/t20240731_287639.html
2024-06-01,2024-06-30,2024-06,2024-07-29,细菌性和阿米巴性痢疾,乙类,disease,4197,0,https://www.chinacdc.cn/jksj/jksj01/202407/t20240731_287639.html
2024-06-01,2024-06-30,2024-06,2024-07-29,新生儿破伤风,乙类,disease,2,0,https://www.chinacdc.cn/jksj/jksj01/202407/t20240731_287639.html
2024-06-01,2024-06-30,2024-06,2024-07-29,猩红热,乙类,disease,12397,0,https://www.chinacdc.cn/jksj/jksj01/202407/t20240731_287639.html
2024-06-01,2024-06-30,2024-06,2024-07-29,血吸虫病,乙类,disease,1,0,https://www.chinacdc.cn/jksj/jksj01/202407/t20240731_287639.html
2024-06-01,2024-06-30,2024-06,2024-07-29,乙型肝炎,乙类,disease,129221,24,https://www.chinacdc.cn/jksj/jksj01/202407/t20240731_287639.html
2024-07-01,2024-07-31,2024-07,2024-08-28,艾滋病,乙类,disease,4832,1729,https://www.chinacdc.cn/jksj/jksj01/202409/t20240912_299500.html
2024-07-01,2024-07-31,2024-07,2024-08-28,白喉,乙类,disease,0,0,https://www.chinacdc.cn/jksj/jksj01/202409/t20240912_299500.html
2024-07-01,2024-07-31,2024-07,2024-08-28,百日咳,乙类,disease,74964,0,https://www.chinacdc.cn/jksj/jksj01/202409/t20240912_299500.html
2024-07-01,2024-07-31,2024-07,2024-08-28,包虫病,丙类,disease,461,5,https://www.chinacdc.cn/jksj/jksj01/202409/t20240912_299500.html
2024-07-01,2024-07-31,2024-07,2024-08-28,丙类传染病合计,丙类,summary,617431,5,https://www.chinacdc.cn/jksj/jksj01/202409/t20240912_299500.html
2024-07-01,2024-07-31,2024-07,2024-08-28,丙型肝炎,乙类,disease,20236,305,https://www.chinacdc.cn/jksj/jksj01/202409/t20240912_299500.html
2024-07-01,2024-07-31,2024-07,2024-08-28,病毒性肝炎,乙类,group,170397,330,https://www.chinacdc.cn/jksj/jksj01/202409/t20240912_299500.html
2024-07-01,2024-07-31,2024-07,2024-08-28,布鲁氏菌病,乙类,disease,8272,0,https://www.chinacdc.cn/jksj/jksj01/202409/t20240912_299500.html
2024-07-01,2024-07-31,2024-07,2024-08-28,传染性非典型肺炎,乙类,disease,0,0,https://www.chinacdc.cn/jksj/jksj01/202409/t20240912_299500.html
2024-07-01,2024-07-31,2024-07,2024-08-28,登革热,乙类,disease,554,0,https://www.chinacdc.cn/jksj/jksj01/202409/t20240912_299500.html
2024-07-01,2024-07-31,2024-07,2024-08-28,丁型肝炎,乙类,disease,23,0,https://www.chinacdc.cn/jksj/jksj01/202409/t20240912_299500.html
2024-07-01,2024-07-31,2024-07,2024-08-28,肺结核,乙类,disease,62437,346,https://www.chinacdc.cn/jksj/jksj01/202409/t20240912_299500.html
2024-07-01,2024-07-31,2024-07,2024-08-28,风疹,丙类,disease,64,0,https://www.chinacdc.cn/jksj/jksj01/202409/t20240912_299500.html
2024-07-01,2024-07-31,2024-07,2024-08-28,钩端螺旋体病,乙类,disease,37,0,https://www.chinacdc.cn/jksj/jksj01/202409/t20240912_299500.html
2024-07-01,2024-07-31,2024-07,2024-08-28,黑热病,丙类,disease,27,0,https://www.chinacdc.cn/jksj/jksj01/202409/t20240912_299500.html
2024-07-01,2024-07-31,2024-07,2024-08-28,猴痘,乙类,disease,39,0,https://www.chinacdc.cn/jksj/jksj01/202409/t20240912_299500.html
2024-07-01,2024-07-31,2024-07,2024-08-28,霍乱,甲类,disease,5,0,https://www.chinacdc.cn/jksj/jksj01/202409/t20240912_299500.html
2024-07-01,2024-07-31,2024-07,2024-08-28,急性出血性结膜炎,丙类,disease,2867,0,https://www.chinacdc.cn/jksj/jksj01/202409/t20240912_299500.html
2024-07-01,2024-07-31,2024-07,2024-08-28,脊髓灰质炎,乙类,disease,0,0,https://www.chinacdc.cn/jksj/jksj01/202409/t20240912_299500.html
2024-07-01,2024-07-31,2024-07,2024-08-28,甲型肝炎,乙类,disease,1206,0,https://www.chinacdc.cn/jksj/jksj01/202409/t20240912_299500.html
2024-07-01,2024-07-31,2024-07,2024-08-28,甲乙丙类总计,甲乙丙类,summary,1023231,2431,https://www.chinacdc.cn/jksj/jksj01/202409/t20240912_299500.html
2024-07-01,2024-07-31,2024-07,2024-08-28,甲乙类传染病合计,甲乙类,summary,405800,2426,https://www.chinacdc.cn/jksj/jksj01/202409/t20240912_299500.html
2024-07-01,2024-07-31,2024-07,2024-08-28,狂犬病,乙类,disease,16,11,https://www.chinacdc.cn/jksj/jksj01/202409/t20240912_299500.html
2024-07-01,2024-07-31,2024-07,2024-08-28,淋病,乙类,disease,9571,0,https://www.chinacdc.cn/jksj/jksj01/202409/t20240912_299500.html
2024-07-01,2024-07-31,2024-07,2024-08-28,流行性出血热,乙类,disease,313,1,https://www.chinacdc.cn/jksj/jksj01/202409/t20240912_299500.html
2024-07-01,2024-07-31,2024-07,2024-08-28,流行性感冒,丙类,disease,300232,0,https://www.chinacdc.cn/jksj/jksj01/202409/t20240912_299500.html
2024-07-01,2024-07-31,2024-07,2024-08-28,流行性和地方性斑疹伤寒,丙类,disease,179,0,https://www.chinacdc.cn/jksj/jksj01/202409/t20240912_299500.html
2024-07-01,2024-07-31,2024-07,2024-08-28,流行性脑脊髓膜炎,乙类,disease,9,2,https://www.chinacdc.cn/jksj/jksj01/202409/t20240912_299500.html
2024-07-01,2024-07-31,2024-07,2024-08-28,流行性腮腺炎,丙类,disease,8438,0,https://www.chinacdc.cn/jksj/jksj01/202409/t20240912_299500.html
2024-07-01,2024-07-31,2024-07,2024-08-28,流行性乙型脑炎,乙类,disease,10,0,https://www.chinacdc.cn/jksj/jksj01/202409/t20240912_299500.html
2024-07-01,2024-07-31,2024-07,2024-08-28,麻风病,丙类,disease,21,0,https://www.chinacdc.cn/jksj/jksj01/202409/t20240912_299500.html
2024-07-01,2024-07-31,2024-07,2024-08-28,麻疹,乙类,disease,171,0,https://www.chinacdc.cn/jksj/jksj01/202409/t20240912_299500.html
2024-07-01,2024-07-31,2024-07,2024-08-28,梅毒,乙类,disease,62430,5,https://www.chinacdc.cn/jksj/jksj01/202409/t20240912_299500.html
2024-07-01,2024-07-31,2024-07,2024-08-28,疟疾,乙类,disease,306,2,https://www.chinacdc.cn/jksj/jksj01/202409/t20240912_299500.html
2024-07-01,2024-07-31,2024-07,2024-08-28,其他感染性腹泻病,丙类,disease,134419,0,https://www.chinacdc.cn/jksj/jksj01/202409/t20240912_299500.html
2024-07-01,2024-07-31,2024-07,2024-08-28,人感染高致病性禽流感,乙类,disease,0,0,https://www.chinacdc.cn/jksj/jksj01/202409/t20240912_299500.html
2024-07-01,2024-07-31,2024-07,2024-08-28,人感染H7N9禽流感,乙类,disease,0,0,https://www.chinacdc.cn/jksj/jksj01/202409/t20240912_299500.html
2024-07-01,2024-07-31,2024-07,2024-08-28,伤寒和副伤寒,乙类,disease,557,0,https://www.chinacdc.cn/jksj/jksj01/202409/t20240912_299500.html
2024-07-01,2024-07-31,2024-07,2024-08-28,手足口病,丙类,disease,170723,0,https://www.chinacdc.cn/jksj/jksj01/202409/t20240912_299500.html
2024-07-01,2024-07-31,2024-07,2024-08-28,鼠疫,甲类,disease,0,0,https://www.chinacdc.cn/jksj/jksj01/202409/t20240912_299500.html
2024-07-01,2024-07-31,2024-07,2024-08-28,丝虫病,丙类,disease,0,0,https://www.chinacdc.cn/jksj/jksj01/202409/t20240912_299500.html
2024-07-01,2024-07-31,2024-07,2024-08-28,炭疽,乙类,disease,56,0,https://www.chinacdc.cn/jksj/jksj01/202409/t20240912_299500.html
2024-07-01,2024-07-31,2024-07,2024-08-28,未分型肝炎,乙类,disease,587,0,https://www.chinacdc.cn/jksj/jksj01/202409/t20240912_299500.html
2024-07-01,2024-07-31,2024-07,2024-08-28,戊型肝炎,乙类,disease,2815,1,https://www.chinacdc.cn/jksj/jksj01/202409/t20240912_299500.html
2024-07-01,2024-07-31,2024-07,2024-08-28,细菌性和阿米巴性痢疾,乙类,disease,4512,0,https://www.chinacdc.cn/jksj/jksj01/202409/t20240912_299500.html
2024-07-01,2024-07-31,2024-07,2024-08-28,新生儿破伤风,乙类,disease,2,0,https://www.chinacdc.cn/jksj/jksj01/202409/t20240912_299500.html
2024-07-01,2024-07-31,2024-07,2024-08-28,猩红热,乙类,disease,6309,0,https://www.chinacdc.cn/jksj/jksj01/202409/t20240912_299500.html
2024-07-01,2024-07-31,2024-07,2024-08-28,血吸虫病,乙类,disease,1,0,https://www.chinacdc.cn/jksj/jksj01/202409/t20240912_299500.html
2024-07-01,2024-07-31,2024-07,2024-08-28,乙型肝炎,乙类,disease,145530,24,https://www.chinacdc.cn/jksj/jksj01/202409/t20240912_299500.html
2024-08-01,2024-08-31,2024-08,2024-09-13,艾滋病,乙类,disease,4485,1612,https://www.chinacdc.cn/jksj/jksj01/202409/t20240919_300082.html
2024-08-01,2024-08-31,2024-08,2024-09-13,白喉,乙类,disease,0,0,https://www.chinacdc.cn/jksj/jksj01/202409/t20240919_300082.html
2024-08-01,2024-08-31,2024-08,2024-09-13,百日咳,乙类,disease,43216,1,https://www.chinacdc.cn/jksj/jksj01/202409/t20240919_300082.html
2024-08-01,2024-08-31,2024-08,2024-09-13,包虫病,丙类,disease,335,0,https://www.chinacdc.cn/jksj/jksj01/202409/t20240919_300082.html
2024-08-01,2024-08-31,2024-08,2024-09-13,丙类传染病合计,丙类,summary,366004,1,https://www.chinacdc.cn/jksj/jksj01/202409/t20240919_300082.html
2024-08-01,2024-08-31,2024-08,2024-09-13,丙型肝炎,乙类,disease,19424,395,https://www.chinacdc.cn/jksj/jksj01/202409/t20240919_300082.html
2024-08-01,2024-08-31,2024-08,2024-09-13,病毒性肝炎,乙类,group,163748,438,https://www.chinacdc.cn/jksj/jksj01/202409/t20240919_300082.html
2024-08-01,2024-08-31,2024-08,2024-09-13,布鲁氏菌病,乙类,disease,6564,0,https://www.chinacdc.cn/jksj/jksj01/202409/t20240919_300082.html
2024-08-01,2024-08-31,2024-08,2024-09-13,传染性非典型肺炎,乙类,disease,0,0,https://www.chinacdc.cn/jksj/jksj01/202409/t20240919_300082.html
2024-08-01,2024-08-31,2024-08,2024-09-13,登革热,乙类,disease,1801,0,https://www.chinacdc.cn/jksj/jksj01/202409/t20240919_300082.html
2024-08-01,2024-08-31,2024-08,2024-09-13,丁型肝炎,乙类,disease,24,0,https://www.chinacdc.cn/jksj/jksj01/202409/t20240919_300082.html
2024-08-01,2024-08-31,2024-08,2024-09-13,肺结核,乙类,disease,57944,289,https://www.chinacdc.cn/jksj/jksj01/202409/t20240919_300082.html
2024-08-01,2024-08-31,2024-08,2024-09-13,风疹,丙类,disease,70,0,https://www.chinacdc.cn/jksj/jksj01/202409/t20240919_300082.html
2024-08-01,2024-08-31,2024-08,2024-09-13,钩端螺旋体病,乙类,disease,91,0,https://www.chinacdc.cn/jksj/jksj01/202409/t20240919_300082.html
2024-08-01,2024-08-31,2024-08,2024-09-13,黑热病,丙类,disease,34,0,https://www.chinacdc.cn/jksj/jksj01/202409/t20240919_300082.html
2024-08-01,2024-08-31,2024-08,2024-09-13,猴痘,乙类,disease,48,0,https://www.chinacdc.cn/jksj/jksj01/202409/t20240919_300082.html
2024-08-01,2024-08-31,2024-08,2024-09-13,霍乱,甲类,disease,4,0,https://www.chinacdc.cn/jksj/jksj01/202409/t20240919_300082.html
2024-08-01,2024-08-31,2024-08,2024-09-13,急性出血性结膜炎,丙类,disease,2179,0,https://www.chinacdc.cn/jksj/jksj01/202409/t20240919_300082.html
2024-08-01,2024-08-31,2024-08,2024-09-13,脊髓灰质炎,乙类,disease,0,0,https://www.chinacdc.cn/jksj/jksj01/202409/t20240919_300082.html
2024-08-01,2024-08-31,2024-08,2024-09-13,甲型肝炎,乙类,disease,1136,0,https://www.chinacdc.cn/jksj/jksj01/202409/t20240919_300082.html
2024-08-01,2024-08-31,2024-08,2024-09-13,甲乙丙类总计,甲乙丙类,summary,719686,2366,https://www.chinacdc.cn/jksj/jksj01/202409/t20240919_300082.html
2024-08-01,2024-08-31,2024-08,2024-09-13,甲乙类传染病合计,甲乙类,summary,353682,2365,https://www.chinacdc.cn/jksj/jksj01/202409/t20240919_300082.html
2024-08-01,2024-08-31,2024-08,2024-09-13,狂犬病,乙类,disease,18,19,https://www.chinacdc.cn/jksj/jksj01/202409/t20240919_300082.html
2024-08-01,2024-08-31,2024-08,2024-09-13,淋病,乙类,disease,9377,0,https://www.chinacdc.cn/jksj/jksj01/202409/t20240919_300082.html
2024-08-01,2024-08-31,2024-08,2024-09-13,流行性出血热,乙类,disease,202,0,https://www.chinacdc.cn/jksj/jksj01/202409/t20240919_300082.html
2024-08-01,2024-08-31,2024-08,2024-09-13,流行性感冒,丙类,disease,169642,0,https://www.chinacdc.cn/jksj/jksj01/202409/t20240919_300082.html
2024-08-01,2024-08-31,2024-08,2024-09-13,流行性和地方性斑疹伤寒,丙类,disease,207,0,https://www.chinacdc.cn/jksj/jksj01/202409/t20240919_300082.html
2024-08-01,2024-08-31,2024-08,2024-09-13,流行性脑脊髓膜炎,乙类,disease,11,0,https://www.chinacdc.cn/jksj/jksj01/202409/t20240919_300082.html
2024-08-01,2024-08-31,2024-08,2024-09-13,流行性腮腺炎,丙类,disease,6692,0,https://www.chinacdc.cn/jksj/jksj01/202409/t20240919_300082.html
2024-08-01,2024-08-31,2024-08,2024-09-13,流行性乙型脑炎,乙类,disease,16,0,https://www.chinacdc.cn/jksj/jksj01/202409/t20240919_300082.html
2024-08-01,2024-08-31,2024-08,2024-09-13,麻风病,丙类,disease,28,0,https://www.chinacdc.cn/jksj/jksj01/202409/t20240919_300082.html
2024-08-01,2024-08-31,2024-08,2024-09-13,麻疹,乙类,disease,111,0,https://www.chinacdc.cn/jksj/jksj01/202409/t20240919_300082.html
2024-08-01,2024-08-31,2024-08,2024-09-13,梅毒,乙类,disease,58717,3,https://www.chinacdc.cn/jksj/jksj01/202409/t20240919_300082.html
2024-08-01,2024-08-31,2024-08,2024-09-13,疟疾,乙类,disease,279,1,https://www.chinacdc.cn/jksj/jksj01/202409/t20240919_300082.html
2024-08-01,2024-08-31,2024-08,2024-09-13,其他感染性腹泻病,丙类,disease,144594,1,https://www.chinacdc.cn/jksj/jksj01/202409/t20240919_300082.html
2024-08-01,2024-08-31,2024-08,2024-09-13,人感染高致病性禽流感,乙类,disease,0,0,https://www.chinacdc.cn/jksj/jksj01/202409/t20240919_300082.html
2024-08-01,2024-08-31,2024-08,2024-09-13,人感染H7N9禽流感,乙类,disease,0,0,https://www.chinacdc.cn/jksj/jksj01/202409/t20240919_300082.html
2024-08-01,2024-08-31,2024-08,2024-09-13,伤寒和副伤寒,乙类,disease,550,0,https://www.chinacdc.cn/jksj/jksj01/202409/t20240919_300082.html
2024-08-01,2024-08-31,2024-08,2024-09-13,手足口病,丙类,disease,42223,0,https://www.chinacdc.cn/jksj/jksj01/202409/t20240919_300082.html
2024-08-01,2024-08-31,2024-08,2024-09-13,鼠疫,甲类,disease,2,1,https://www.chinacdc.cn/jksj/jksj01/202409/t20240919_300082.html
2024-08-01,2024-08-31,2024-08,2024-09-13,丝虫病,丙类,disease,0,0,https://www.chinacdc.cn/jksj/jksj01/202409/t20240919_300082.html
2024-08-01,2024-08-31,2024-08,2024-09-13,炭疽,乙类,disease,91,1,https://www.chinacdc.cn/jksj/jksj01/202409/t20240919_300082.html
2024-08-01,2024-08-31,2024-08,2024-09-13,未分型肝炎,乙类,disease,522,0,https://www.chinacdc.cn/jksj/jksj01/202409/t20240919_300082.html
2024-08-01,2024-08-31,2024-08,2024-09-13,戊型肝炎,乙类,disease,2597,1,https://www.chinacdc.cn/jksj/jksj01/202409/t20240919_300082.html
2024-08-01,2024-08-31,2024-08,2024-09-13,细菌性和阿米巴性痢疾,乙类,disease,4374,0,https://www.chinacdc.cn/jksj/jksj01/202409/t20240919_300082.html
2024-08-01,2024-08-31,2024-08,2024-09-13,新生儿破伤风,乙类,disease,2,0,https://www.chinacdc.cn/jksj/jksj01/202409/t20240919_300082.html
2024-08-01,2024-08-31,2024-08,2024-09-13,猩红热,乙类,disease,2028,0,https://www.chinacdc.cn/jksj/jksj01/202409/t20240919_300082.html
2024-08-01,2024-08-31,2024-08,2024-09-13,血吸虫病,乙类,disease,3,0,https://www.chinacdc.cn/jksj/jksj01/202409/t20240919_300082.html
2024-08-01,2024-08-31,2024-08,2024-09-13,乙型肝炎,乙类,disease,140045,42,https://www.chinacdc.cn/jksj/jksj01/202409/t20240919_300082.html
2024-09-01,2024-09-30,2024-09,2024-10-22,艾滋病,乙类,disease,4450,1720,https://www.chinacdc.cn/jksj/jksj01/202410/t20241022_301872.html
2024-09-01,2024-09-30,2024-09,2024-10-22,白喉,乙类,disease,0,0,https://www.chinacdc.cn/jksj/jksj01/202410/t20241022_301872.html
2024-09-01,2024-09-30,2024-09,2024-10-22,百日咳,乙类,disease,17316,2,https://www.chinacdc.cn/jksj/jksj01/202410/t20241022_301872.html
2024-09-01,2024-09-30,2024-09,2024-10-22,包虫病,丙类,disease,407,2,https://www.chinacdc.cn/jksj/jksj01/202410/t20241022_301872.html
2024-09-01,2024-09-30,2024-09,2024-10-22,丙类传染病合计,丙类,summary,286123,2,https://www.chinacdc.cn/jksj/jksj01/202410/t20241022_301872.html
2024-09-01,2024-09-30,2024-09,2024-10-22,丙型肝炎,乙类,disease,16896,303,https://www.chinacdc.cn/jksj/jksj01/202410/t20241022_301872.html
2024-09-01,2024-09-30,2024-09,2024-10-22,病毒性肝炎,乙类,group,146669,332,https://www.chinacdc.cn/jksj/jksj01/202410/t20241022_301872.html
2024-09-01,2024-09-30,2024-09,2024-10-22,布鲁氏菌病,乙类,disease,4612,1,https://www.chinacdc.cn/jksj/jksj01/202410/t20241022_301872.html
2024-09-01,2024-09-30,2024-09,2024-10-22,传染性非典型肺炎,乙类,disease,0,0,https://www.chinacdc.cn/jksj/jksj01/202410/t20241022_301872.html
2024-09-01,2024-09-30,2024-09,2024-10-22,登革热,乙类,disease,4845,0,https://www.chinacdc.cn/jksj/jksj01/202410/t20241022_301872.html
2024-09-01,2024-09-30,2024-09,2024-10-22,丁型肝炎,乙类,disease,7,0,https://www.chinacdc.cn/jksj/jksj01/202410/t20241022_301872.html
2024-09-01,2024-09-30,2024-09,2024-10-22,肺结核,乙类,disease,55609,247,https://www.chinacdc.cn/jksj/jksj01/202410/t20241022_301872.html
2024-09-01,2024-09-30,2024-09,2024-10-22,风疹,丙类,disease,39,0,https://www.chinacdc.cn/jksj/jksj01/202410/t20241022_301872.html
2024-09-01,2024-09-30,2024-09,2024-10-22,钩端螺旋体病,乙类,disease,128,0,https://www.chinacdc.cn/jksj/jksj01/202410/t20241022_301872.html
2024-09-01,2024-09-30,2024-09,2024-10-22,黑热病,丙类,disease,33,0,https://www.chinacdc.cn/jksj/jksj01/202410/t20241022_301872.html
2024-09-01,2024-09-30,2024-09,2024-10-22,猴痘,乙类,disease,46,0,https://www.chinacdc.cn/jksj/jksj01/202410/t20241022_301872.html
2024-09-01,2024-09-30,2024-09,2024-10-22,霍乱,甲类,disease,1,0,https://www.chinacdc.cn/jksj/jksj01/202410/t20241022_301872.html
2024-09-01,2024-09-30,2024-09,2024-10-22,急性出血性结膜炎,丙类,disease,2156,0,https://www.chinacdc.cn/jksj/jksj01/202410/t20241022_301872.html
2024-09-01,2024-09-30,2024-09,2024-10-22,脊髓灰质炎,乙类,disease,0,0,https://www.chinacdc.cn/jksj/jksj01/202410/t20241022_301872.html
2024-09-01,2024-09-30,2024-09,2024-10-22,甲型肝炎,乙类,disease,1084,0,https://www.chinacdc.cn/jksj/jksj01/202410/t20241022_301872.html
2024-09-01,2024-09-30,2024-09,2024-10-22,甲乙丙类总计,甲乙丙类,summary,589950,2321,https://www.chinacdc.cn/jksj/jksj01/202410/t20241022_301872.html
2024-09-01,2024-09-30,2024-09,2024-10-22,甲乙类传染病合计,甲乙类,summary,303827,2319,https://www.chinacdc.cn/jksj/jksj01/202410/t20241022_301872.html
2024-09-01,2024-09-30,2024-09,2024-10-22,狂犬病,乙类,disease,17,12,https://www.chinacdc.cn/jksj/jksj01/202410/t20241022_301872.html
2024-09-01,2024-09-30,2024-09,2024-10-22,淋病,乙类,disease,8923,0,https://www.chinacdc.cn/jksj/jksj01/202410/t20241022_301872.html
2024-09-01,2024-09-30,2024-09,2024-10-22,流行性出血热,乙类,disease,192,1,https://www.chinacdc.cn/jksj/jksj01/202410/t20241022_301872.html
2024-09-01,2024-09-30,2024-09,2024-10-22,流行性感冒,丙类,disease,117403,0,https://www.chinacdc.cn/jksj/jksj01/202410/t20241022_301872.html
2024-09-01,2024-09-30,2024-09,2024-10-22,流行性和地方性斑疹伤寒,丙类,disease,188,0,https://www.chinacdc.cn/jksj/jksj01/202410/t20241022_301872.html
2024-09-01,2024-09-30,2024-09,2024-10-22,流行性脑脊髓膜炎,乙类,disease,5,0,https://www.chinacdc.cn/jksj/jksj01/202410/t20241022_301872.html
2024-09-01,2024-09-30,2024-09,2024-10-22,流行性腮腺炎,丙类,disease,9657,0,https://www.chinacdc.cn/jksj/jksj01/202410/t20241022_301872.html
2024-09-01,2024-09-30,2024-09,2024-10-22,流行性乙型脑炎,乙类,disease,71,0,https://www.chinacdc.cn/jksj/jksj01/202410/t20241022_301872.html
2024-09-01,2024-09-30,2024-09,2024-10-22,麻风病,丙类,disease,10,0,https://www.chinacdc.cn/jksj/jksj01/202410/t20241022_301872.html
2024-09-01,2024-09-30,2024-09,2024-10-22,麻疹,乙类,disease,118,0,https://www.chinacdc.cn/jksj/jksj01/202410/t20241022_301872.html
2024-09-01,2024-09-30,2024-09,2024-10-22,梅毒,乙类,disease,54136,3,https://www.chinacdc.cn/jksj/jksj01/202410/t20241022_301872.html
2024-09-01,2024-09-30,2024-09,2024-10-22,疟疾,乙类,disease,242,0,https://www.chinacdc.cn/jksj/jksj01/202410/t20241022_301872.html
2024-09-01,2024-09-30,2024-09,2024-10-22,其他感染性腹泻病,丙类,disease,121176,0,https://www.chinacdc.cn/jksj/jksj01/202410/t20241022_301872.html
2024-09-01,2024-09-30,2024-09,2024-10-22,人感染高致病性禽流感,乙类,disease,0,0,https://www.chinacdc.cn/jksj/jksj01/202410/t20241022_301872.html
2024-09-01,2024-09-30,2024-09,2024-10-22,人感染H7N9禽流感,乙类,disease,0,0,https://www.chinacdc.cn/jksj/jksj01/202410/t20241022_301872.html
2024-09-01,2024-09-30,2024-09,2024-10-22,伤寒和副伤寒,乙类,disease,612,0,https://www.chinacdc.cn/jksj/jksj01/202410/t20241022_301872.html
2024-09-01,2024-09-30,2024-09,2024-10-22,手足口病,丙类,disease,35054,0,https://www.chinacdc.cn/jksj/jksj01/202410/t20241022_301872.html
2024-09-01,2024-09-30,2024-09,2024-10-22,鼠疫,甲类,disease,0,0,https://www.chinacdc.cn/jksj/jksj01/202410/t20241022_301872.html
2024-09-01,2024-09-30,2024-09,2024-10-22,丝虫病,丙类,disease,0,0,https://www.chinacdc.cn/jksj/jksj01/202410/t20241022_301872.html
2024-09-01,2024-09-30,2024-09,2024-10-22,炭疽,乙类,disease,90,1,https://www.chinacdc.cn/jksj/jksj01/202410/t20241022_301872.html
2024-09-01,2024-09-30,2024-09,2024-10-22,未分型肝炎,乙类,disease,471,0,https://www.chinacdc.cn/jksj/jksj01/202410/t20241022_301872.html
2024-09-01,2024-09-30,2024-09,2024-10-22,戊型肝炎,乙类,disease,2446,0,https://www.chinacdc.cn/jksj/jksj01/202410/t20241022_301872.html
2024-09-01,2024-09-30,2024-09,2024-10-22,细菌性和阿米巴性痢疾,乙类,disease,3564,0,https://www.chinacdc.cn/jksj/jksj01/202410/t20241022_301872.html
2024-09-01,2024-09-30,2024-09,2024-10-22,新生儿破伤风,乙类,disease,2,0,https://www.chinacdc.cn/jksj/jksj01/202410/t20241022_301872.html
2024-09-01,2024-09-30,2024-09,2024-10-22,猩红热,乙类,disease,2179,0,https://www.chinacdc.cn/jksj/jksj01/202410/t20241022_301872.html
2024-09-01,2024-09-30,2024-09,2024-10-22,血吸虫病,乙类,disease,0,0,https://www.chinacdc.cn/jksj/jksj01/202410/t20241022_301872.html
2024-09-01,2024-09-30,2024-09,2024-10-22,乙型肝炎,乙类,disease,125765,29,https://www.chinacdc.cn/jksj/jksj01/202410/t20241022_301872.html
2024-10-01,2024-10-31,2024-10,2024-11-20,艾滋病,乙类,disease,4403,1598,https://www.chinacdc.cn/jksj/jksj01/202411/t20241122_302802.html
2024-10-01,2024-10-31,2024-10,2024-11-20,白喉,乙类,disease,0,0,https://www.chinacdc.cn/jksj/jksj01/202411/t20241122_302802.html
2024-10-01,2024-10-31,2024-10,2024-11-20,百日咳,乙类,disease,10118,2,https://www.chinacdc.cn/jksj/jksj01/202411/t20241122_302802.html
2024-10-01,2024-10-31,2024-10,2024-11-20,包虫病,丙类,disease,332,0,https://www.chinacdc.cn/jksj/jksj01/202411/t20241122_302802.html
2024-10-01,2024-10-31,2024-10,2024-11-20,丙类传染病合计,丙类,summary,263438,0,https://www.chinacdc.cn/jksj/jksj01/202411/t20241122_302802.html
2024-10-01,2024-10-31,2024-10,2024-11-20,丙型肝炎,乙类,disease,16035,335,https://www.chinacdc.cn/jksj/jksj01/202411/t20241122_302802.html
2024-10-01,2024-10-31,2024-10,2024-11-20,病毒性肝炎,乙类,group,148566,359,https://www.chinacdc.cn/jksj/jksj01/202411/t20241122_302802.html
2024-10-01,2024-10-31,2024-10,2024-11-20,布鲁氏菌病,乙类,disease,3381,0,https://www.chinacdc.cn/jksj/jksj01/202411/t20241122_302802.html
2024-10-01,2024-10-31,2024-10,2024-11-20,传染性非典型肺炎,乙类,disease,0,0,https://www.chinacdc.cn/jksj/jksj01/202411/t20241122_302802.html
2024-10-01,2024-10-31,2024-10,2024-11-20,登革热,乙类,disease,11083,0,https://www.chinacdc.cn/jksj/jksj01/202411/t20241122_302802.html
2024-10-01,2024-10-31,2024-10,2024-11-20,丁型肝炎,乙类,disease,9,0,https://www.chinacdc.cn/jksj/jksj01/202411/t20241122_302802.html
2024-10-01,2024-10-31,2024-10,2024-11-20,肺结核,乙类,disease,52943,270,https://www.chinacdc.cn/jksj/jksj01/202411/t20241122_302802.html
2024-10-01,2024-10-31,2024-10,2024-11-20,风疹,丙类,disease,72,0,https://www.chinacdc.cn/jksj/jksj01/202411/t20241122_302802.html
2024-10-01,2024-10-31,2024-10,2024-11-20,钩端螺旋体病,乙类,disease,65,0,https://www.chinacdc.cn/jksj/jksj01/202411/t20241122_302802.html
2024-10-01,2024-10-31,2024-10,2024-11-20,黑热病,丙类,disease,6,0,https://www.chinacdc.cn/jksj/jksj01/202411/t20241122_302802.html
2024-10-01,2024-10-31,2024-10,2024-11-20,猴痘,乙类,disease,38,0,https://www.chinacdc.cn/jksj/jksj01/202411/t20241122_302802.html
2024-10-01,2024-10-31,2024-10,2024-11-20,霍乱,甲类,disease,0,0,https://www.chinacdc.cn/jksj/jksj01/202411/t20241122_302802.html
2024-10-01,2024-10-31,2024-10,2024-11-20,急性出血性结膜炎,丙类,disease,1927,0,https://www.chinacdc.cn/jksj/jksj01/202411/t20241122_302802.html
2024-10-01,2024-10-31,2024-10,2024-11-20,脊髓灰质炎,乙类,disease,0,0,https://www.chinacdc.cn/jksj/jksj01/202411/t20241122_302802.html
2024-10-01,2024-10-31,2024-10,2024-11-20,甲型肝炎,乙类,disease,1041,0,https://www.chinacdc.cn/jksj/jksj01/202411/t20241122_302802.html
2024-10-01,2024-10-31,2024-10,2024-11-20,甲乙丙类总计,甲乙丙类,summary,563572,2253,https://www.chinacdc.cn/jksj/jksj01/202411/t20241122_302802.html
2024-10-01,2024-10-31,2024-10,2024-11-20,甲乙类传染病合计,甲乙类,summary,300134,2253,https://www.chinacdc.cn/jksj/jksj01/202411/t20241122_302802.html
2024-10-01,2024-10-31,2024-10,2024-11-20,狂犬病,乙类,disease,20,14,https://www.chinacdc.cn/jksj/jksj01/202411/t20241122_302802.html
2024-10-01,2024-10-31,2024-10,2024-11-20,淋病,乙类,disease,8998,0,https://www.chinacdc.cn/jksj/jksj01/202411/t20241122_302802.html
2024-10-01,2024-10-31,2024-10,2024-11-20,流行性出血热,乙类,disease,374,2,https://www.chinacdc.cn/jksj/jksj01/202411/t20241122_302802.html
2024-10-01,2024-10-31,2024-10,2024-11-20,流行性感冒,丙类,disease,103568,0,https://www.chinacdc.cn/jksj/jksj01/202411/t20241122_302802.html
2024-10-01,2024-10-31,2024-10,2024-11-20,流行性和地方性斑疹伤寒,丙类,disease,186,0,https://www.chinacdc.cn/jksj/jksj01/202411/t20241122_302802.html
2024-10-01,2024-10-31,2024-10,2024-11-20,流行性脑脊髓膜炎,乙类,disease,6,1,https://www.chinacdc.cn/jksj/jksj01/202411/t20241122_302802.html
2024-10-01,2024-10-31,2024-10,2024-11-20,流行性腮腺炎,丙类,disease,8424,0,https://www.chinacdc.cn/jksj/jksj01/202411/t20241122_302802.html
2024-10-01,2024-10-31,2024-10,2024-11-20,流行性乙型脑炎,乙类,disease,21,2,https://www.chinacdc.cn/jksj/jksj01/202411/t20241122_302802.html
2024-10-01,2024-10-31,2024-10,2024-11-20,麻风病,丙类,disease,12,0,https://www.chinacdc.cn/jksj/jksj01/202411/t20241122_302802.html
2024-10-01,2024-10-31,2024-10,2024-11-20,麻疹,乙类,disease,107,0,https://www.chinacdc.cn/jksj/jksj01/202411/t20241122_302802.html
2024-10-01,2024-10-31,2024-10,2024-11-20,梅毒,乙类,disease,53569,2,https://www.chinacdc.cn/jksj/jksj01/202411/t20241122_302802.html
2024-10-01,2024-10-31,2024-10,2024-11-20,疟疾,乙类,disease,204,2,https://www.chinacdc.cn/jksj/jksj01/202411/t20241122_302802.html
2024-10-01,2024-10-31,2024-10,2024-11-20,其他感染性腹泻病,丙类,disease,102391,0,https://www.chinacdc.cn/jksj/jksj01/202411/t20241122_302802.html
2024-10-01,2024-10-31,2024-10,2024-11-20,人感染高致病性禽流感,乙类,disease,0,0,https://www.chinacdc.cn/jksj/jksj01/202411/t20241122_302802.html
2024-10-01,2024-10-31,2024-10,2024-11-20,人感染H7N9禽流感,乙类,disease,0,0,https://www.chinacdc.cn/jksj/jksj01/202411/t20241122_302802.html
2024-10-01,2024-10-31,2024-10,2024-11-20,伤寒和副伤寒,乙类,disease,456,0,https://www.chinacdc.cn/jksj/jksj01/202411/t20241122_302802.html
2024-10-01,2024-10-31,2024-10,2024-11-20,手足口病,丙类,disease,46520,0,https://www.chinacdc.cn/jksj/jksj01/202411/t20241122_302802.html
2024-10-01,2024-10-31,2024-10,2024-11-20,鼠疫,甲类,disease,0,0,https://www.chinacdc.cn/jksj/jksj01/202411/t20241122_302802.html
2024-10-01,2024-10-31,2024-10,2024-11-20,丝虫病,丙类,disease,0,0,https://www.chinacdc.cn/jksj/jksj01/202411/t20241122_302802.html
2024-10-01,2024-10-31,2024-10,2024-11-20,炭疽,乙类,disease,60,1,https://www.chinacdc.cn/jksj/jksj01/202411/t20241122_302802.html
2024-10-01,2024-10-31,2024-10,2024-11-20,未分型肝炎,乙类,disease,438,0,https://www.chinacdc.cn/jksj/jksj01/202411/t20241122_302802.html
2024-10-01,2024-10-31,2024-10,2024-11-20,戊型肝炎,乙类,disease,2312,0,https://www.chinacdc.cn/jksj/jksj01/202411/t20241122_302802.html
2024-10-01,2024-10-31,2024-10,2024-11-20,细菌性和阿米巴性痢疾,乙类,disease,2680,0,https://www.chinacdc.cn/jksj/jksj01/202411/t20241122_302802.html
2024-10-01,2024-10-31,2024-10,2024-11-20,新生儿破伤风,乙类,disease,0,0,https://www.chinacdc.cn/jksj/jksj01/202411/t20241122_302802.html
2024-10-01,2024-10-31,2024-10,2024-11-20,猩红热,乙类,disease,3040,0,https://www.chinacdc.cn/jksj/jksj01/202411/t20241122_302802.html
2024-10-01,2024-10-31,2024-10,2024-11-20,血吸虫病,乙类,disease,2,0,https://www.chinacdc.cn/jksj/jksj01/202411/t20241122_302802.html
2024-10-01,2024-10-31,2024-10,2024-11-20,乙型肝炎,乙类,disease,128731,24,https://www.chinacdc.cn/jksj/jksj01/202411/t20241122_302802.html
2024-11-01,2024-11-30,2024-11,2024-12-18,艾滋病,乙类,disease,4760,1763,https://www.chinacdc.cn/jksj/jksj01/202412/t20241223_303445.html
2024-11-01,2024-11-30,2024-11,2024-12-18,白喉,乙类,disease,0,0,https://www.chinacdc.cn/jksj/jksj01/202412/t20241223_303445.html
2024-11-01,2024-11-30,2024-11,2024-12-18,百日咳,乙类,disease,7829,0,https://www.chinacdc.cn/jksj/jksj01/202412/t20241223_303445.html
2024-11-01,2024-11-30,2024-11,2024-12-18,包虫病,丙类,disease,388,0,https://www.chinacdc.cn/jksj/jksj01/202412/t20241223_303445.html
2024-11-01,2024-11-30,2024-11,2024-12-18,丙类传染病合计,丙类,summary,337242,1,https://www.chinacdc.cn/jksj/jksj01/202412/t20241223_303445.html
2024-11-01,2024-11-30,2024-11,2024-12-18,丙型肝炎,乙类,disease,17027,454,https://www.chinacdc.cn/jksj/jksj01/202412/t20241223_303445.html
2024-11-01,2024-11-30,2024-11,2024-12-18,病毒性肝炎,乙类,group,154173,495,https://www.chinacdc.cn/jksj/jksj01/202412/t20241223_303445.html
2024-11-01,2024-11-30,2024-11,2024-12-18,布鲁氏菌病,乙类,disease,3878,1,https://www.chinacdc.cn/jksj/jksj01/202412/t20241223_303445.html
2024-11-01,2024-11-30,2024-11,2024-12-18,传染性非典型肺炎,乙类,disease,0,0,https://www.chinacdc.cn/jksj/jksj01/202412/t20241223_303445.html
2024-11-01,2024-11-30,2024-11,2024-12-18,登革热,乙类,disease,5201,0,https://www.chinacdc.cn/jksj/jksj01/202412/t20241223_303445.html
2024-11-01,2024-11-30,2024-11,2024-12-18,丁型肝炎,乙类,disease,19,0,https://www.chinacdc.cn/jksj/jksj01/202412/t20241223_303445.html
2024-11-01,2024-11-30,2024-11,2024-12-18,肺结核,乙类,disease,51790,238,https://www.chinacdc.cn/jksj/jksj01/202412/t20241223_303445.html
2024-11-01,2024-11-30,2024-11,2024-12-18,风疹,丙类,disease,58,0,https://www.chinacdc.cn/jksj/jksj01/202412/t20241223_303445.html
2024-11-01,2024-11-30,2024-11,2024-12-18,钩端螺旋体病,乙类,disease,36,0,https://www.chinacdc.cn/jksj/jksj01/202412/t20241223_303445.html
2024-11-01,2024-11-30,2024-11,2024-12-18,黑热病,丙类,disease,24,0,https://www.chinacdc.cn/jksj/jksj01/202412/t20241223_303445.html
2024-11-01,2024-11-30,2024-11,2024-12-18,猴痘,乙类,disease,16,0,https://www.chinacdc.cn/jksj/jksj01/202412/t20241223_303445.html
2024-11-01,2024-11-30,2024-11,2024-12-18,霍乱,甲类,disease,0,0,https://www.chinacdc.cn/jksj/jksj01/202412/t20241223_303445.html
2024-11-01,2024-11-30,2024-11,2024-12-18,急性出血性结膜炎,丙类,disease,1912,0,https://www.chinacdc.cn/jksj/jksj01/202412/t20241223_303445.html
2024-11-01,2024-11-30,2024-11,2024-12-18,脊髓灰质炎,乙类,disease,0,0,https://www.chinacdc.cn/jksj/jksj01/202412/t20241223_303445.html
2024-11-01,2024-11-30,2024-11,2024-12-18,甲型肝炎,乙类,disease,1036,0,https://www.chinacdc.cn/jksj/jksj01/202412/t20241223_303445.html
2024-11-01,2024-11-30,2024-11,2024-12-18,甲乙丙类总计,甲乙丙类,summary,635391,2528,https://www.chinacdc.cn/jksj/jksj01/202412/t20241223_303445.html
2024-11-01,2024-11-30,2024-11,2024-12-18,甲乙类传染病合计,甲乙类,summary,298149,2527,https://www.chinacdc.cn/jksj/jksj01/202412/t20241223_303445.html
2024-11-01,2024-11-30,2024-11,2024-12-18,狂犬病,乙类,disease,18,18,https://www.chinacdc.cn/jksj/jksj01/202412/t20241223_303445.html
2024-11-01,2024-11-30,2024-11,2024-12-18,淋病,乙类,disease,9211,0,https://www.chinacdc.cn/jksj/jksj01/202412/t20241223_303445.html
2024-11-01,2024-11-30,2024-11,2024-12-18,流行性出血热,乙类,disease,777,4,https://www.chinacdc.cn/jksj/jksj01/202412/t20241223_303445.html
2024-11-01,2024-11-30,2024-11,2024-12-18,流行性感冒,丙类,disease,166917,1,https://www.chinacdc.cn/jksj/jksj01/202412/t20241223_303445.html
2024-11-01,2024-11-30,2024-11,2024-12-18,流行性和地方性斑疹伤寒,丙类,disease,175,0,https://www.chinacdc.cn/jksj/jksj01/202412/t20241223_303445.html
2024-11-01,2024-11-30,2024-11,2024-12-18,流行性脑脊髓膜炎,乙类,disease,10,2,https://www.chinacdc.cn/jksj/jksj01/202412/t20241223_303445.html
2024-11-01,2024-11-30,2024-11,2024-12-18,流行性腮腺炎,丙类,disease,8096,0,https://www.chinacdc.cn/jksj/jksj01/202412/t20241223_303445.html
2024-11-01,2024-11-30,2024-11,2024-12-18,流行性乙型脑炎,乙类,disease,13,0,https://www.chinacdc.cn/jksj/jksj01/202412/t20241223_303445.html
2024-11-01,2024-11-30,2024-11,2024-12-18,麻风病,丙类,disease,14,0,https://www.chinacdc.cn/jksj/jksj01/202412/t20241223_303445.html
2024-11-01,2024-11-30,2024-11,2024-12-18,麻疹,乙类,disease,116,0,https://www.chinacdc.cn/jksj/jksj01/202412/t20241223_303445.html
2024-11-01,2024-11-30,2024-11,2024-12-18,梅毒,乙类,disease,52434,2,https://www.chinacdc.cn/jksj/jksj01/202412/t20241223_303445.html
2024-11-01,2024-11-30,2024-11,2024-12-18,疟疾,乙类,disease,282,4,https://www.chinacdc.cn/jksj/jksj01/202412/t20241223_303445.html
2024-11-01,2024-11-30,2024-11,2024-12-18,其他感染性腹泻病,丙类,disease,100831,0,https://www.chinacdc.cn/jksj/jksj01/202412/t20241223_303445.html
2024-11-01,2024-11-30,2024-11,2024-12-18,人感染高致病性禽流感,乙类,disease,0,0,https://www.chinacdc.cn/jksj/jksj01/202412/t20241223_303445.html
2024-11-01,2024-11-30,2024-11,2024-12-18,人感染H7N9禽流感,乙类,disease,0,0,https://www.chinacdc.cn/jksj/jksj01/202412/t20241223_303445.html
2024-11-01,2024-11-30,2024-11,2024-12-18,伤寒和副伤寒,乙类,disease,340,0,https://www.chinacdc.cn/jksj/jksj01/202412/t20241223_303445.html
2024-11-01,2024-11-30,2024-11,2024-12-18,手足口病,丙类,disease,58827,0,https://www.chinacdc.cn/jksj/jksj01/202412/t20241223_303445.html
2024-11-01,2024-11-30,2024-11,2024-12-18,鼠疫,甲类,disease,0,0,https://www.chinacdc.cn/jksj/jksj01/202412/t20241223_303445.html
2024-11-01,2024-11-30,2024-11,2024-12-18,丝虫病,丙类,disease,0,0,https://www.chinacdc.cn/jksj/jksj01/202412/t20241223_303445.html
2024-11-01,2024-11-30,2024-11,2024-12-18,炭疽,乙类,disease,24,0,https://www.chinacdc.cn/jksj/jksj01/202412/t20241223_303445.html
2024-11-01,2024-11-30,2024-11,2024-12-18,未分型肝炎,乙类,disease,484,0,https://www.chinacdc.cn/jksj/jksj01/202412/t20241223_303445.html
2024-11-01,2024-11-30,2024-11,2024-12-18,戊型肝炎,乙类,disease,2421,1,https://www.chinacdc.cn/jksj/jksj01/202412/t20241223_303445.html
2024-11-01,2024-11-30,2024-11,2024-12-18,细菌性和阿米巴性痢疾,乙类,disease,2128,0,https://www.chinacdc.cn/jksj/jksj01/202412/t20241223_303445.html
2024-11-01,2024-11-30,2024-11,2024-12-18,新生儿破伤风,乙类,disease,2,0,https://www.chinacdc.cn/jksj/jksj01/202412/t20241223_303445.html
2024-11-01,2024-11-30,2024-11,2024-12-18,猩红热,乙类,disease,5111,0,https://www.chinacdc.cn/jksj/jksj01/202412/t20241223_303445.html
2024-11-01,2024-11-30,2024-11,2024-12-18,血吸虫病,乙类,disease,0,0,https://www.chinacdc.cn/jksj/jksj01/202412/t20241223_303445.html
2024-11-01,2024-11-30,2024-11,2024-12-18,乙型肝炎,乙类,disease,133186,40,https://www.chinacdc.cn/jksj/jksj01/202412/t20241223_303445.html
2024-12-01,2024-12-31,2024-12,2025-01-16,艾滋病,乙类,disease,4909,1878,https://www.chinacdc.cn/jksj/jksj01/202501/t20250117_303940.html
2024-12-01,2024-12-31,2024-12,2025-01-16,白喉,乙类,disease,0,0,https://www.chinacdc.cn/jksj/jksj01/202501/t20250117_303940.html
2024-12-01,2024-12-31,2024-12,2025-01-16,百日咳,乙类,disease,6662,3,https://www.chinacdc.cn/jksj/jksj01/202501/t20250117_303940.html
2024-12-01,2024-12-31,2024-12,2025-01-16,包虫病,丙类,disease,421,1,https://www.chinacdc.cn/jksj/jksj01/202501/t20250117_303940.html
2024-12-01,2024-12-31,2024-12,2025-01-16,丙类传染病合计,丙类,summary,1698431,10,https://www.chinacdc.cn/jksj/jksj01/202501/t20250117_303940.html
2024-12-01,2024-12-31,2024-12,2025-01-16,丙型肝炎,乙类,disease,15881,589,https://www.chinacdc.cn/jksj/jksj01/202501/t20250117_303940.html
2024-12-01,2024-12-31,2024-12,2025-01-16,病毒性肝炎,乙类,group,161938,632,https://www.chinacdc.cn/jksj/jksj01/202501/t20250117_303940.html
2024-12-01,2024-12-31,2024-12,2025-01-16,布鲁氏菌病,乙类,disease,3690,0,https://www.chinacdc.cn/jksj/jksj01/202501/t20250117_303940.html
2024-12-01,2024-12-31,2024-12,2025-01-16,传染性非典型肺炎,乙类,disease,0,0,https://www.chinacdc.cn/jksj/jksj01/202501/t20250117_303940.html
2024-12-01,2024-12-31,2024-12,2025-01-16,登革热,乙类,disease,442,0,https://www.chinacdc.cn/jksj/jksj01/202501/t20250117_303940.html
2024-12-01,2024-12-31,2024-12,2025-01-16,丁型肝炎,乙类,disease,27,0,https://www.chinacdc.cn/jksj/jksj01/202501/t20250117_303940.html
2024-12-01,2024-12-31,2024-12,2025-01-16,肺结核,乙类,disease,48656,318,https://www.chinacdc.cn/jksj/jksj01/202501/t20250117_303940.html
2024-12-01,2024-12-31,2024-12,2025-01-16,风疹,丙类,disease,63,0,https://www.chinacdc.cn/jksj/jksj01/202501/t20250117_303940.html
2024-12-01,2024-12-31,2024-12,2025-01-16,钩端螺旋体病,乙类,disease,18,0,https://www.chinacdc.cn/jksj/jksj01/202501/t20250117_303940.html
2024-12-01,2024-12-31,2024-12,2025-01-16,黑热病,丙类,disease,21,0,https://www.chinacdc.cn/jksj/jksj01/202501/t20250117_303940.html
2024-12-01,2024-12-31,2024-12,2025-01-16,猴痘,乙类,disease,27,0,https://www.chinacdc.cn/jksj/jksj01/202501/t20250117_303940.html
2024-12-01,2024-12-31,2024-12,2025-01-16,霍乱,甲类,disease,0,0,https://www.chinacdc.cn/jksj/jksj01/202501/t20250117_303940.html
2024-12-01,2024-12-31,2024-12,2025-01-16,急性出血性结膜炎,丙类,disease,1863,0,https://www.chinacdc.cn/jksj/jksj01/202501/t20250117_303940.html
2024-12-01,2024-12-31,2024-12,2025-01-16,脊髓灰质炎,乙类,disease,0,0,https://www.chinacdc.cn/jksj/jksj01/202501/t20250117_303940.html
2024-12-01,2024-12-31,2024-12,2025-01-16,甲型肝炎,乙类,disease,1247,0,https://www.chinacdc.cn/jksj/jksj01/202501/t20250117_303940.html
2024-12-01,2024-12-31,2024-12,2025-01-16,甲乙丙类总计,甲乙丙类,summary,1994023,2867,https://www.chinacdc.cn/jksj/jksj01/202501/t20250117_303940.html
2024-12-01,2024-12-31,2024-12,2025-01-16,甲乙类传染病合计,甲乙类,summary,295592,2857,https://www.chinacdc.cn/jksj/jksj01/202501/t20250117_303940.html
2024-12-01,2024-12-31,2024-12,2025-01-16,狂犬病,乙类,disease,21,22,https://www.chinacdc.cn/jksj/jksj01/202501/t20250117_303940.html
2024-12-01,2024-12-31,2024-12,2025-01-16,淋病,乙类,disease,9649,0,https://www.chinacdc.cn/jksj/jksj01/202501/t20250117_303940.html
2024-12-01,2024-12-31,2024-12,2025-01-16,流行性出血热,乙类,disease,613,0,https://www.chinacdc.cn/jksj/jksj01/202501/t20250117_303940.html
2024-12-01,2024-12-31,2024-12,2025-01-16,流行性感冒,丙类,disease,1509750,7,https://www.chinacdc.cn/jksj/jksj01/202501/t20250117_303940.html
2024-12-01,2024-12-31,2024-12,2025-01-16,流行性和地方性斑疹伤寒,丙类,disease,119,0,https://www.chinacdc.cn/jksj/jksj01/202501/t20250117_303940.html
2024-12-01,2024-12-31,2024-12,2025-01-16,流行性脑脊髓膜炎,乙类,disease,16,1,https://www.chinacdc.cn/jksj/jksj01/202501/t20250117_303940.html
2024-12-01,2024-12-31,2024-12,2025-01-16,流行性腮腺炎,丙类,disease,6706,0,https://www.chinacdc.cn/jksj/jksj01/202501/t20250117_303940.html
2024-12-01,2024-12-31,2024-12,2025-01-16,流行性乙型脑炎,乙类,disease,3,0,https://www.chinacdc.cn/jksj/jksj01/202501/t20250117_303940.html
2024-12-01,2024-12-31,2024-12,2025-01-16,麻风病,丙类,disease,19,0,https://www.chinacdc.cn/jksj/jksj01/202501/t20250117_303940.html
2024-12-01,2024-12-31,2024-12,2025-01-16,麻疹,乙类,disease,176,0,https://www.chinacdc.cn/jksj/jksj01/202501/t20250117_303940.html
2024-12-01,2024-12-31,2024-12,2025-01-16,梅毒,乙类,disease,47978,2,https://www.chinacdc.cn/jksj/jksj01/202501/t20250117_303940.html
2024-12-01,2024-12-31,2024-12,2025-01-16,疟疾,乙类,disease,248,0,https://www.chinacdc.cn/jksj/jksj01/202501/t20250117_303940.html
2024-12-01,2024-12-31,2024-12,2025-01-16,其他感染性腹泻病,丙类,disease,132687,2,https://www.chinacdc.cn/jksj/jksj01/202501/t20250117_303940.html
2024-12-01,2024-12-31,2024-12,2025-01-16,人感染高致病性禽流感,乙类,disease,0,0,https://www.chinacdc.cn/jksj/jksj01/202501/t20250117_303940.html
2024-12-01,2024-12-31,2024-12,2025-01-16,人感染H7N9禽流感,乙类,disease,0,0,https://www.chinacdc.cn/jksj/jksj01/202501/t20250117_303940.html
2024-12-01,2024-12-31,2024-12,2025-01-16,伤寒和副伤寒,乙类,disease,308,0,https://www.chinacdc.cn/jksj/jksj01/202501/t20250117_303940.html
2024-12-01,2024-12-31,2024-12,2025-01-16,手足口病,丙类,disease,46782,0,https://www.chinacdc.cn/jksj/jksj01/202501/t20250117_303940.html
2024-12-01,2024-12-31,2024-12,2025-01-16,鼠疫,甲类,disease,0,0,https://www.chinacdc.cn/jksj/jksj01/202501/t20250117_303940.html
2024-12-01,2024-12-31,2024-12,2025-01-16,丝虫病,丙类,disease,0,0,https://www.chinacdc.cn/jksj/jksj01/202501/t20250117_303940.html
2024-12-01,2024-12-31,2024-12,2025-01-16,炭疽,乙类,disease,24,1,https://www.chinacdc.cn/jksj/jksj01/202501/t20250117_303940.html
2024-12-01,2024-12-31,2024-12,2025-01-16,未分型肝炎,乙类,disease,571,0,https://www.chinacdc.cn/jksj/jksj01/202501/t20250117_303940.html
2024-12-01,2024-12-31,2024-12,2025-01-16,戊型肝炎,乙类,disease,2680,1,https://www.chinacdc.cn/jksj/jksj01/202501/t20250117_303940.html
2024-12-01,2024-12-31,2024-12,2025-01-16,细菌性和阿米巴性痢疾,乙类,disease,1915,0,https://www.chinacdc.cn/jksj/jksj01/202501/t20250117_303940.html
2024-12-01,2024-12-31,2024-12,2025-01-16,新生儿破伤风,乙类,disease,3,0,https://www.chinacdc.cn/jksj/jksj01/202501/t20250117_303940.html
2024-12-01,2024-12-31,2024-12,2025-01-16,猩红热,乙类,disease,8296,0,https://www.chinacdc.cn/jksj/jksj01/202501/t20250117_303940.html
2024-12-01,2024-12-31,2024-12,2025-01-16,血吸虫病,乙类,disease,0,0,https://www.chinacdc.cn/jksj/jksj01/202501/t20250117_303940.html
2024-12-01,2024-12-31,2024-12,2025-01-16,乙型肝炎,乙类,disease,141532,42,https://www.chinacdc.cn/jksj/jksj01/202501/t20250117_303940.html
2025-01-01,2025-01-31,2025-01,2025-02-14,艾滋病,乙类,disease,2832,1375,https://www.chinacdc.cn/jksj/jksj01/202502/t20250220_304463.html
2025-01-01,2025-01-31,2025-01,2025-02-14,白喉,乙类,disease,0,0,https://www.chinacdc.cn/jksj/jksj01/202502/t20250220_304463.html
2025-01-01,2025-01-31,2025-01,2025-02-14,百日咳,乙类,disease,5611,1,https://www.chinacdc.cn/jksj/jksj01/202502/t20250220_304463.html
2025-01-01,2025-01-31,2025-01,2025-02-14,包虫病,丙类,disease,495,1,https://www.chinacdc.cn/jksj/jksj01/202502/t20250220_304463.html
2025-01-01,2025-01-31,2025-01,2025-02-14,丙类传染病合计,丙类,summary,3056174,10,https://www.chinacdc.cn/jksj/jksj01/202502/t20250220_304463.html
2025-01-01,2025-01-31,2025-01,2025-02-14,丙型肝炎,乙类,disease,14831,25,https://www.chinacdc.cn/jksj/jksj01/202502/t20250220_304463.html
2025-01-01,2025-01-31,2025-01,2025-02-14,病毒性肝炎,乙类,group,165723,72,https://www.chinacdc.cn/jksj/jksj01/202502/t20250220_304463.html
2025-01-01,2025-01-31,2025-01,2025-02-14,布鲁氏菌病,乙类,disease,3365,1,https://www.chinacdc.cn/jksj/jksj01/202502/t20250220_304463.html
2025-01-01,2025-01-31,2025-01,2025-02-14,传染性非典型肺炎,乙类,disease,0,0,https://www.chinacdc.cn/jksj/jksj01/202502/t20250220_304463.html
2025-01-01,2025-01-31,2025-01,2025-02-14,登革热,乙类,disease,49,0,https://www.chinacdc.cn/jksj/jksj01/202502/t20250220_304463.html
2025-01-01,2025-01-31,2025-01,2025-02-14,丁型肝炎,乙类,disease,25,0,https://www.chinacdc.cn/jksj/jksj01/202502/t20250220_304463.html
2025-01-01,2025-01-31,2025-01,2025-02-14,肺结核,乙类,disease,49311,209,https://www.chinacdc.cn/jksj/jksj01/202502/t20250220_304463.html
2025-01-01,2025-01-31,2025-01,2025-02-14,风疹,丙类,disease,53,0,https://www.chinacdc.cn/jksj/jksj01/202502/t20250220_304463.html
2025-01-01,2025-01-31,2025-01,2025-02-14,钩端螺旋体病,乙类,disease,6,0,https://www.chinacdc.cn/jksj/jksj01/202502/t20250220_304463.html
2025-01-01,2025-01-31,2025-01,2025-02-14,黑热病,丙类,disease,15,0,https://www.chinacdc.cn/jksj/jksj01/202502/t20250220_304463.html
2025-01-01,2025-01-31,2025-01,2025-02-14,猴痘,乙类,disease,40,0,https://www.chinacdc.cn/jksj/jksj01/202502/t20250220_304463.html
2025-01-01,2025-01-31,2025-01,2025-02-14,霍乱,甲类,disease,0,0,https://www.chinacdc.cn/jksj/jksj01/202502/t20250220_304463.html
2025-01-01,2025-01-31,2025-01,2025-02-14,急性出血性结膜炎,丙类,disease,1340,0,https://www.chinacdc.cn/jksj/jksj01/202502/t20250220_304463.html
2025-01-01,2025-01-31,2025-01,2025-02-14,脊髓灰质炎,乙类,disease,0,0,https://www.chinacdc.cn/jksj/jksj01/202502/t20250220_304463.html
2025-01-01,2025-01-31,2025-01,2025-02-14,甲型肝炎,乙类,disease,2293,1,https://www.chinacdc.cn/jksj/jksj01/202502/t20250220_304463.html
2025-01-01,2025-01-31,2025-01,2025-02-14,甲乙丙类总计,甲乙丙类,summary,3382111,1701,https://www.chinacdc.cn/jksj/jksj01/202502/t20250220_304463.html
2025-01-01,2025-01-31,2025-01,2025-02-14,甲乙类传染病合计,甲乙类,summary,325937,1691,https://www.chinacdc.cn/jksj/jksj01/202502/t20250220_304463.html
2025-01-01,2025-01-31,2025-01,2025-02-14,狂犬病,乙类,disease,16,19,https://www.chinacdc.cn/jksj/jksj01/202502/t20250220_304463.html
2025-01-01,2025-01-31,2025-01,2025-02-14,淋病,乙类,disease,8037,0,https://www.chinacdc.cn/jksj/jksj01/202502/t20250220_304463.html
2025-01-01,2025-01-31,2025-01,2025-02-14,流行性出血热,乙类,disease,301,1,https://www.chinacdc.cn/jksj/jksj01/202502/t20250220_304463.html
2025-01-01,2025-01-31,2025-01,2025-02-14,流行性感冒,丙类,disease,2870849,9,https://www.chinacdc.cn/jksj/jksj01/202502/t20250220_304463.html
2025-01-01,2025-01-31,2025-01,2025-02-14,流行性和地方性斑疹伤寒,丙类,disease,54,0,https://www.chinacdc.cn/jksj/jksj01/202502/t20250220_304463.html
2025-01-01,2025-01-31,2025-01,2025-02-14,流行性脑脊髓膜炎,乙类,disease,26,2,https://www.chinacdc.cn/jksj/jksj01/202502/t20250220_304463.html
2025-01-01,2025-01-31,2025-01,2025-02-14,流行性腮腺炎,丙类,disease,4116,0,https://www.chinacdc.cn/jksj/jksj01/202502/t20250220_304463.html
2025-01-01,2025-01-31,2025-01,2025-02-14,流行性乙型脑炎,乙类,disease,1,0,https://www.chinacdc.cn/jksj/jksj01/202502/t20250220_304463.html
2025-01-01,2025-01-31,2025-01,2025-02-14,麻风病,丙类,disease,33,0,https://www.chinacdc.cn/jksj/jksj01/202502/t20250220_304463.html
2025-01-01,2025-01-31,2025-01,2025-02-14,麻疹,乙类,disease,344,0,https://www.chinacdc.cn/jksj/jksj01/202502/t20250220_304463.html
2025-01-01,2025-01-31,2025-01,2025-02-14,梅毒,乙类,disease,48495,6,https://www.chinacdc.cn/jksj/jksj01/202502/t20250220_304463.html
2025-01-01,2025-01-31,2025-01,2025-02-14,疟疾,乙类,disease,295,0,https://www.chinacdc.cn/jksj/jksj01/202502/t20250220_304463.html
2025-01-01,2025-01-31,2025-01,2025-02-14,其他感染性腹泻病,丙类,disease,162257,0,https://www.chinacdc.cn/jksj/jksj01/202502/t20250220_304463.html
2025-01-01,2025-01-31,2025-01,2025-02-14,人感染高致病性禽流感,乙类,disease,0,0,https://www.chinacdc.cn/jksj/jksj01/202502/t20250220_304463.html
2025-01-01,2025-01-31,2025-01,2025-02-14,人感染H7N9禽流感,乙类,disease,0,0,https://www.chinacdc.cn/jksj/jksj01/202502/t20250220_304463.html
2025-01-01,2025-01-31,2025-01,2025-02-14,伤寒和副伤寒,乙类,disease,234,1,https://www.chinacdc.cn/jksj/jksj01/202502/t20250220_304463.html
2025-01-01,2025-01-31,2025-01,2025-02-14,手足口病,丙类,disease,16962,0,https://www.chinacdc.cn/jksj/jksj01/202502/t20250220_304463.html
2025-01-01,2025-01-31,2025-01,2025-02-14,鼠疫,甲类,disease,0,0,https://www.chinacdc.cn/jksj/jksj01/202502/t20250220_304463.html
2025-01-01,2025-01-31,2025-01,2025-02-14,丝虫病,丙类,disease,0,0,https://www.chinacdc.cn/jksj/jksj01/202502/t20250220_304463.html
2025-01-01,2025-01-31,2025-01,2025-02-14,炭疽,乙类,disease,21,0,https://www.chinacdc.cn/jksj/jksj01/202502/t20250220_304463.html
2025-01-01,2025-01-31,2025-01,2025-02-14,未分型肝炎,乙类,disease,749,0,https://www.chinacdc.cn/jksj/jksj01/202502/t20250220_304463.html
2025-01-01,2025-01-31,2025-01,2025-02-14,戊型肝炎,乙类,disease,2754,0,https://www.chinacdc.cn/jksj/jksj01/202502/t20250220_304463.html
2025-01-01,2025-01-31,2025-01,2025-02-14,细菌性和阿米巴性痢疾,乙类,disease,1659,0,https://www.chinacdc.cn/jksj/jksj01/202502/t20250220_304463.html
2025-01-01,2025-01-31,2025-01,2025-02-14,新生儿破伤风,乙类,disease,0,0,https://www.chinacdc.cn/jksj/jksj01/202502/t20250220_304463.html
2025-01-01,2025-01-31,2025-01,2025-02-14,新型冠状病毒感染,乙类,disease,33218,4,https://www.chinacdc.cn/jksj/jksj01/202502/t20250220_304463.html
2025-01-01,2025-01-31,2025-01,2025-02-14,猩红热,乙类,disease,6353,0,https://www.chinacdc.cn/jksj/jksj01/202502/t20250220_304463.html
2025-01-01,2025-01-31,2025-01,2025-02-14,血吸虫病,乙类,disease,0,0,https://www.chinacdc.cn/jksj/jksj01/202502/t20250220_304463.html
2025-01-01,2025-01-31,2025-01,2025-02-14,乙型肝炎,乙类,disease,145071,46,https://www.chinacdc.cn/jksj/jksj01/202502/t20250220_304463.html
2025-02-01,2025-02-28,2025-02,2025-03-25,艾滋病,乙类,disease,3931,1609,https://www.chinacdc.cn/jksj/jksj01/202504/t20250407_305788.html
2025-02-01,2025-02-28,2025-02,2025-03-25,白喉,乙类,disease,0,0,https://www.chinacdc.cn/jksj/jksj01/202504/t20250407_305788.html
2025-02-01,2025-02-28,2025-02,2025-03-25,百日咳,乙类,disease,4298,0,https://www.chinacdc.cn/jksj/jksj01/202504/t20250407_305788.html
2025-02-01,2025-02-28,2025-02,2025-03-25,包虫病,丙类,disease,423,0,https://www.chinacdc.cn/jksj/jksj01/202504/t20250407_305788.html
2025-02-01,2025-02-28,2025-02,2025-03-25,丙类传染病合计,丙类,summary,1602707,15,https://www.chinacdc.cn/jksj/jksj01/202504/t20250407_305788.html
2025-02-01,2025-02-28,2025-02,2025-03-25,丙型肝炎,乙类,disease,15806,78,https://www.chinacdc.cn/jksj/jksj01/202504/t20250407_305788.html
2025-02-01,2025-02-28,2025-02,2025-03-25,病毒性肝炎,乙类,group,142691,116,https://www.chinacdc.cn/jksj/jksj01/202504/t20250407_305788.html
2025-02-01,2025-02-28,2025-02,2025-03-25,布鲁氏菌病,乙类,disease,4363,0,https://www.chinacdc.cn/jksj/jksj01/202504/t20250407_305788.html
2025-02-01,2025-02-28,2025-02,2025-03-25,传染性非典型肺炎,乙类,disease,0,0,https://www.chinacdc.cn/jksj/jksj01/202504/t20250407_305788.html
2025-02-01,2025-02-28,2025-02,2025-03-25,登革热,乙类,disease,51,0,https://www.chinacdc.cn/jksj/jksj01/202504/t20250407_305788.html
2025-02-01,2025-02-28,2025-02,2025-03-25,丁型肝炎,乙类,disease,19,0,https://www.chinacdc.cn/jksj/jksj01/202504/t20250407_305788.html
2025-02-01,2025-02-28,2025-02,2025-03-25,肺结核,乙类,disease,52942,208,https://www.chinacdc.cn/jksj/jksj01/202504/t20250407_305788.html
2025-02-01,2025-02-28,2025-02,2025-03-25,风疹,丙类,disease,41,0,https://www.chinacdc.cn/jksj/jksj01/202504/t20250407_305788.html
2025-02-01,2025-02-28,2025-02,2025-03-25,钩端螺旋体病,乙类,disease,2,0,https://www.chinacdc.cn/jksj/jksj01/202504/t20250407_305788.html
2025-02-01,2025-02-28,2025-02,2025-03-25,黑热病,丙类,disease,39,0,https://www.chinacdc.cn/jksj/jksj01/202504/t20250407_305788.html
2025-02-01,2025-02-28,2025-02,2025-03-25,猴痘,乙类,disease,56,0,https://www.chinacdc.cn/jksj/jksj01/202504/t20250407_305788.html
2025-02-01,2025-02-28,2025-02,2025-03-25,霍乱,甲类,disease,0,0,https://www.chinacdc.cn/jksj/jksj01/202504/t20250407_305788.html
2025-02-01,2025-02-28,2025-02,2025-03-25,急性出血性结膜炎,丙类,disease,1392,0,https://www.chinacdc.cn/jksj/jksj01/202504/t20250407_305788.html
2025-02-01,2025-02-28,2025-02,2025-03-25,脊髓灰质炎,乙类,disease,0,0,https://www.chinacdc.cn/jksj/jksj01/202504/t20250407_305788.html
2025-02-01,2025-02-28,2025-02,2025-03-25,甲型肝炎,乙类,disease,2222,0,https://www.chinacdc.cn/jksj/jksj01/202504/t20250407_305788.html
2025-02-01,2025-02-28,2025-02,2025-03-25,甲乙丙类总计,甲乙丙类,summary,1898332,1964,https://www.chinacdc.cn/jksj/jksj01/202504/t20250407_305788.html
2025-02-01,2025-02-28,2025-02,2025-03-25,甲乙类传染病合计,甲乙类,summary,295625,1949,https://www.chinacdc.cn/jksj/jksj01/202504/t20250407_305788.html
2025-02-01,2025-02-28,2025-02,2025-03-25,狂犬病,乙类,disease,4,7,https://www.chinacdc.cn/jksj/jksj01/202504/t20250407_305788.html
2025-02-01,2025-02-28,2025-02,2025-03-25,淋病,乙类,disease,7104,0,https://www.chinacdc.cn/jksj/jksj01/202504/t20250407_305788.html
2025-02-01,2025-02-28,2025-02,2025-03-25,流行性出血热,乙类,disease,172,0,https://www.chinacdc.cn/jksj/jksj01/202504/t20250407_305788.html
2025-02-01,2025-02-28,2025-02,2025-03-25,流行性感冒,丙类,disease,1348394,14,https://www.chinacdc.cn/jksj/jksj01/202504/t20250407_305788.html
2025-02-01,2025-02-28,2025-02,2025-03-25,流行性和地方性斑疹伤寒,丙类,disease,37,0,https://www.chinacdc.cn/jksj/jksj01/202504/t20250407_305788.html
2025-02-01,2025-02-28,2025-02,2025-03-25,流行性脑脊髓膜炎,乙类,disease,20,1,https://www.chinacdc.cn/jksj/jksj01/202504/t20250407_305788.html
2025-02-01,2025-02-28,2025-02,2025-03-25,流行性腮腺炎,丙类,disease,3833,0,https://www.chinacdc.cn/jksj/jksj01/202504/t20250407_305788.html
2025-02-01,2025-02-28,2025-02,2025-03-25,流行性乙型脑炎,乙类,disease,0,0,https://www.chinacdc.cn/jksj/jksj01/202504/t20250407_305788.html
2025-02-01,2025-02-28,2025-02,2025-03-25,麻风病,丙类,disease,36,0,https://www.chinacdc.cn/jksj/jksj01/202504/t20250407_305788.html
2025-02-01,2025-02-28,2025-02,2025-03-25,麻疹,乙类,disease,309,0,https://www.chinacdc.cn/jksj/jksj01/202504/t20250407_305788.html
2025-02-01,2025-02-28,2025-02,2025-03-25,梅毒,乙类,disease,52008,3,https://www.chinacdc.cn/jksj/jksj01/202504/t20250407_305788.html
2025-02-01,2025-02-28,2025-02,2025-03-25,疟疾,乙类,disease,212,3,https://www.chinacdc.cn/jksj/jksj01/202504/t20250407_305788.html
2025-02-01,2025-02-28,2025-02,2025-03-25,其他感染性腹泻病,丙类,disease,242791,1,https://www.chinacdc.cn/jksj/jksj01/202504/t20250407_305788.html
2025-02-01,2025-02-28,2025-02,2025-03-25,人感染高致病性禽流感,乙类,disease,0,0,https://www.chinacdc.cn/jksj/jksj01/202504/t20250407_305788.html
2025-02-01,2025-02-28,2025-02,2025-03-25,人感染H7N9禽流感,乙类,disease,0,0,https://www.chinacdc.cn/jksj/jksj01/202504/t20250407_305788.html
2025-02-01,2025-02-28,2025-02,2025-03-25,伤寒和副伤寒,乙类,disease,215,0,https://www.chinacdc.cn/jksj/jksj01/202504/t20250407_305788.html
2025-02-01,2025-02-28,2025-02,2025-03-25,手足口病,丙类,disease,5721,0,https://www.chinacdc.cn/jksj/jksj01/202504/t20250407_305788.html
2025-02-01,2025-02-28,2025-02,2025-03-25,鼠疫,甲类,disease,0,0,https://www.chinacdc.cn/jksj/jksj01/202504/t20250407_305788.html
2025-02-01,2025-02-28,2025-02,2025-03-25,丝虫病,丙类,disease,0,0,https://www.chinacdc.cn/jksj/jksj01/202504/t20250407_305788.html
2025-02-01,2025-02-28,2025-02,2025-03-25,炭疽,乙类,disease,21,0,https://www.chinacdc.cn/jksj/jksj01/202504/t20250407_305788.html
2025-02-01,2025-02-28,2025-02,2025-03-25,未分型肝炎,乙类,disease,689,0,https://www.chinacdc.cn/jksj/jksj01/202504/t20250407_305788.html
2025-02-01,2025-02-28,2025-02,2025-03-25,戊型肝炎,乙类,disease,3199,3,https://www.chinacdc.cn/jksj/jksj01/202504/t20250407_305788.html
2025-02-01,2025-02-28,2025-02,2025-03-25,细菌性和阿米巴性痢疾,乙类,disease,1706,1,https://www.chinacdc.cn/jksj/jksj01/202504/t20250407_305788.html
2025-02-01,2025-02-28,2025-02,2025-03-25,新生儿破伤风,乙类,disease,1,0,https://www.chinacdc.cn/jksj/jksj01/202504/t20250407_305788.html
2025-02-01,2025-02-28,2025-02,2025-03-25,新型冠状病毒感染,乙类,disease,22966,1,https://www.chinacdc.cn/jksj/jksj01/202504/t20250407_305788.html
2025-02-01,2025-02-28,2025-02,2025-03-25,猩红热,乙类,disease,2551,0,https://www.chinacdc.cn/jksj/jksj01/202504/t20250407_305788.html
2025-02-01,2025-02-28,2025-02,2025-03-25,血吸虫病,乙类,disease,2,0,https://www.chinacdc.cn/jksj/jksj01/202504/t20250407_305788.html
2025-02-01,2025-02-28,2025-02,2025-03-25,乙型肝炎,乙类,disease,120756,35,https://www.chinacdc.cn/jksj/jksj01/202504/t20250407_305788.html
2025-03-01,2025-03-31,2025-03,2025-04-21,艾滋病,乙类,disease,4852,1709,https://www.chinacdc.cn/jksj/jksj01/202504/t20250429_306351.html
2025-03-01,2025-03-31,2025-03,2025-04-21,白喉,乙类,disease,0,0,https://www.chinacdc.cn/jksj/jksj01/202504/t20250429_306351.html
2025-03-01,2025-03-31,2025-03,2025-04-21,百日咳,乙类,disease,4186,0,https://www.chinacdc.cn/jksj/jksj01/202504/t20250429_306351.html
2025-03-01,2025-03-31,2025-03,2025-04-21,包虫病,丙类,disease,445,0,https://www.chinacdc.cn/jksj/jksj01/202504/t20250429_306351.html
2025-03-01,2025-03-31,2025-03,2025-04-21,丙类传染病合计,丙类,summary,615566,2,https://www.chinacdc.cn/jksj/jksj01/202504/t20250429_306351.html
2025-03-01,2025-03-31,2025-03,2025-04-21,丙型肝炎,乙类,disease,17661,122,https://www.chinacdc.cn/jksj/jksj01/202504/t20250429_306351.html
2025-03-01,2025-03-31,2025-03,2025-04-21,病毒性肝炎,乙类,group,153083,163,https://www.chinacdc.cn/jksj/jksj01/202504/t20250429_306351.html
2025-03-01,2025-03-31,2025-03,2025-04-21,布鲁氏菌病,乙类,disease,5575,0,https://www.chinacdc.cn/jksj/jksj01/202504/t20250429_306351.html
2025-03-01,2025-03-31,2025-03,2025-04-21,传染性非典型肺炎,乙类,disease,0,0,https://www.chinacdc.cn/jksj/jksj01/202504/t20250429_306351.html
2025-03-01,2025-03-31,2025-03,2025-04-21,登革热,乙类,disease,38,0,https://www.chinacdc.cn/jksj/jksj01/202504/t20250429_306351.html
2025-03-01,2025-03-31,2025-03,2025-04-21,丁型肝炎,乙类,disease,18,0,https://www.chinacdc.cn/jksj/jksj01/202504/t20250429_306351.html
2025-03-01,2025-03-31,2025-03,2025-04-21,肺结核,乙类,disease,59479,239,https://www.chinacdc.cn/jksj/jksj01/202504/t20250429_306351.html
2025-03-01,2025-03-31,2025-03,2025-04-21,风疹,丙类,disease,63,0,https://www.chinacdc.cn/jksj/jksj01/202504/t20250429_306351.html
2025-03-01,2025-03-31,2025-03,2025-04-21,钩端螺旋体病,乙类,disease,2,0,https://www.chinacdc.cn/jksj/jksj01/202504/t20250429_306351.html
2025-03-01,2025-03-31,2025-03,2025-04-21,黑热病,丙类,disease,26,0,https://www.chinacdc.cn/jksj/jksj01/202504/t20250429_306351.html
2025-03-01,2025-03-31,2025-03,2025-04-21,猴痘,乙类,disease,71,0,https://www.chinacdc.cn/jksj/jksj01/202504/t20250429_306351.html
2025-03-01,2025-03-31,2025-03,2025-04-21,霍乱,甲类,disease,0,0,https://www.chinacdc.cn/jksj/jksj01/202504/t20250429_306351.html
2025-03-01,2025-03-31,2025-03,2025-04-21,急性出血性结膜炎,丙类,disease,2044,0,https://www.chinacdc.cn/jksj/jksj01/202504/t20250429_306351.html
2025-03-01,2025-03-31,2025-03,2025-04-21,脊髓灰质炎,乙类,disease,0,0,https://www.chinacdc.cn/jksj/jksj01/202504/t20250429_306351.html
2025-03-01,2025-03-31,2025-03,2025-04-21,甲型肝炎,乙类,disease,1919,0,https://www.chinacdc.cn/jksj/jksj01/202504/t20250429_306351.html
2025-03-01,2025-03-31,2025-03,2025-04-21,甲乙丙类总计,甲乙丙类,summary,971168,2137,https://www.chinacdc.cn/jksj/jksj01/202504/t20250429_306351.html
2025-03-01,2025-03-31,2025-03,2025-04-21,甲乙类传染病合计,甲乙类,summary,355602,2135,https://www.chinacdc.cn/jksj/jksj01/202504/t20250429_306351.html
2025-03-01,2025-03-31,2025-03,2025-04-21,狂犬病,乙类,disease,13,9,https://www.chinacdc.cn/jksj/jksj01/202504/t20250429_306351.html
2025-03-01,2025-03-31,2025-03,2025-04-21,淋病,乙类,disease,8367,0,https://www.chinacdc.cn/jksj/jksj01/202504/t20250429_306351.html
2025-03-01,2025-03-31,2025-03,2025-04-21,流行性出血热,乙类,disease,229,0,https://www.chinacdc.cn/jksj/jksj01/202504/t20250429_306351.html
2025-03-01,2025-03-31,2025-03,2025-04-21,流行性感冒,丙类,disease,354842,1,https://www.chinacdc.cn/jksj/jksj01/202504/t20250429_306351.html
2025-03-01,2025-03-31,2025-03,2025-04-21,流行性和地方性斑疹伤寒,丙类,disease,33,0,https://www.chinacdc.cn/jksj/jksj01/202504/t20250429_306351.html
2025-03-01,2025-03-31,2025-03,2025-04-21,流行性脑脊髓膜炎,乙类,disease,17,1,https://www.chinacdc.cn/jksj/jksj01/202504/t20250429_306351.html
2025-03-01,2025-03-31,2025-03,2025-04-21,流行性腮腺炎,丙类,disease,6652,0,https://www.chinacdc.cn/jksj/jksj01/202504/t20250429_306351.html
2025-03-01,2025-03-31,2025-03,2025-04-21,流行性乙型脑炎,乙类,disease,0,0,https://www.chinacdc.cn/jksj/jksj01/202504/t20250429_306351.html
2025-03-01,2025-03-31,2025-03,2025-04-21,麻风病,丙类,disease,34,0,https://www.chinacdc.cn/jksj/jksj01/202504/t20250429_306351.html
2025-03-01,2025-03-31,2025-03,2025-04-21,麻疹,乙类,disease,272,0,https://www.chinacdc.cn/jksj/jksj01/202504/t20250429_306351.html
2025-03-01,2025-03-31,2025-03,2025-04-21,梅毒,乙类,disease,55907,6,https://www.chinacdc.cn/jksj/jksj01/202504/t20250429_306351.html
2025-03-01,2025-03-31,2025-03,2025-04-21,疟疾,乙类,disease,213,1,https://www.chinacdc.cn/jksj/jksj01/202504/t20250429_306351.html
2025-03-01,2025-03-31,2025-03,2025-04-21,其他感染性腹泻病,丙类,disease,239224,1,https://www.chinacdc.cn/jksj/jksj01/202504/t20250429_306351.html
2025-03-01,2025-03-31,2025-03,2025-04-21,人感染高致病性禽流感,乙类,disease,0,0,https://www.chinacdc.cn/jksj/jksj01/202504/t20250429_306351.html
2025-03-01,2025-03-31,2025-03,2025-04-21,人感染H7N9禽流感,乙类,disease,0,0,https://www.chinacdc.cn/jksj/jksj01/202504/t20250429_306351.html
2025-03-01,2025-03-31,2025-03,2025-04-21,伤寒和副伤寒,乙类,disease,270,0,https://www.chinacdc.cn/jksj/jksj01/202504/t20250429_306351.html
2025-03-01,2025-03-31,2025-03,2025-04-21,手足口病,丙类,disease,12203,0,https://www.chinacdc.cn/jksj/jksj01/202504/t20250429_306351.html
2025-03-01,2025-03-31,2025-03,2025-04-21,鼠疫,甲类,disease,0,0,https://www.chinacdc.cn/jksj/jksj01/202504/t20250429_306351.html
2025-03-01,2025-03-31,2025-03,2025-04-21,丝虫病,丙类,disease,0,0,https://www.chinacdc.cn/jksj/jksj01/202504/t20250429_306351.html
2025-03-01,2025-03-31,2025-03,2025-04-21,炭疽,乙类,disease,13,0,https://www.chinacdc.cn/jksj/jksj01/202504/t20250429_306351.html
2025-03-01,2025-03-31,2025-03,2025-04-21,未分型肝炎,乙类,disease,745,0,https://www.chinacdc.cn/jksj/jksj01/202504/t20250429_306351.html
2025-03-01,2025-03-31,2025-03,2025-04-21,戊型肝炎,乙类,disease,3748,0,https://www.chinacdc.cn/jksj/jksj01/202504/t20250429_306351.html
2025-03-01,2025-03-31,2025-03,2025-04-21,细菌性和阿米巴性痢疾,乙类,disease,2036,0,https://www.chinacdc.cn/jksj/jksj01/202504/t20250429_306351.html
2025-03-01,2025-03-31,2025-03,2025-04-21,新生儿破伤风,乙类,disease,3,0,https://www.chinacdc.cn/jksj/jksj01/202504/t20250429_306351.html
2025-03-01,2025-03-31,2025-03,2025-04-21,新型冠状病毒感染,乙类,disease,56286,7,https://www.chinacdc.cn/jksj/jksj01/202504/t20250429_306351.html
2025-03-01,2025-03-31,2025-03,2025-04-21,猩红热,乙类,disease,4689,0,https://www.chinacdc.cn/jksj/jksj01/202504/t20250429_306351.html
2025-03-01,2025-03-31,2025-03,2025-04-21,血吸虫病,乙类,disease,1,0,https://www.chinacdc.cn/jksj/jksj01/202504/t20250429_306351.html
2025-03-01,2025-03-31,2025-03,2025-04-21,乙型肝炎,乙类,disease,128992,41,https://www.chinacdc.cn/jksj/jksj01/202504/t20250429_306351.html
2025-04-01,2025-04-30,2025-04,2025-05-22,艾滋病,乙类,disease,4534,1642,https://www.chinacdc.cn/jksj/jksj01/202505/t20250523_307013.html
2025-04-01,2025-04-30,2025-04,2025-05-22,白喉,乙类,disease,0,0,https://www.chinacdc.cn/jksj/jksj01/202505/t20250523_307013.html
2025-04-01,2025-04-30,2025-04,2025-05-22,百日咳,乙类,disease,4506,0,https://www.chinacdc.cn/jksj/jksj01/202505/t20250523_307013.html
2025-04-01,2025-04-30,2025-04,2025-05-22,包虫病,丙类,disease,441,1,https://www.chinacdc.cn/jksj/jksj01/202505/t20250523_307013.html
2025-04-01,2025-04-30,2025-04,2025-05-22,丙类传染病合计,丙类,summary,409387,1,https://www.chinacdc.cn/jksj/jksj01/202505/t20250523_307013.html
2025-04-01,2025-04-30,2025-04,2025-05-22,丙型肝炎,乙类,disease,17894,176,https://www.chinacdc.cn/jksj/jksj01/202505/t20250523_307013.html
2025-04-01,2025-04-30,2025-04,2025-05-22,病毒性肝炎,乙类,group,137442,212,https://www.chinacdc.cn/jksj/jksj01/202505/t20250523_307013.html
2025-04-01,2025-04-30,2025-04,2025-05-22,布鲁氏菌病,乙类,disease,6487,0,https://www.chinacdc.cn/jksj/jksj01/202505/t20250523_307013.html
2025-04-01,2025-04-30,2025-04,2025-05-22,传染性非典型肺炎,乙类,disease,0,0,https://www.chinacdc.cn/jksj/jksj01/202505/t20250523_307013.html
2025-04-01,2025-04-30,2025-04,2025-05-22,登革热,乙类,disease,74,0,https://www.chinacdc.cn/jksj/jksj01/202505/t20250523_307013.html
2025-04-01,2025-04-30,2025-04,2025-05-22,丁型肝炎,乙类,disease,16,0,https://www.chinacdc.cn/jksj/jksj01/202505/t20250523_307013.html
2025-04-01,2025-04-30,2025-04,2025-05-22,肺结核,乙类,disease,59246,252,https://www.chinacdc.cn/jksj/jksj01/202505/t20250523_307013.html
2025-04-01,2025-04-30,2025-04,2025-05-22,风疹,丙类,disease,75,0,https://www.chinacdc.cn/jksj/jksj01/202505/t20250523_307013.html
2025-04-01,2025-04-30,2025-04,2025-05-22,钩端螺旋体病,乙类,disease,7,0,https://www.chinacdc.cn/jksj/jksj01/202505/t20250523_307013.html
2025-04-01,2025-04-30,2025-04,2025-05-22,黑热病,丙类,disease,34,0,https://www.chinacdc.cn/jksj/jksj01/202505/t20250523_307013.html
2025-04-01,2025-04-30,2025-04,2025-05-22,猴痘,乙类,disease,86,0,https://www.chinacdc.cn/jksj/jksj01/202505/t20250523_307013.html
2025-04-01,2025-04-30,2025-04,2025-05-22,霍乱,甲类,disease,0,0,https://www.chinacdc.cn/jksj/jksj01/202505/t20250523_307013.html
2025-04-01,2025-04-30,2025-04,2025-05-22,急性出血性结膜炎,丙类,disease,2262,0,https://www.chinacdc.cn/jksj/jksj01/202505/t20250523_307013.html
2025-04-01,2025-04-30,2025-04,2025-05-22,脊髓灰质炎,乙类,disease,0,0,https://www.chinacdc.cn/jksj/jksj01/202505/t20250523_307013.html
2025-04-01,2025-04-30,2025-04,2025-05-22,甲型肝炎,乙类,disease,1596,0,https://www.chinacdc.cn/jksj/jksj01/202505/t20250523_307013.html
2025-04-01,2025-04-30,2025-04,2025-05-22,甲乙丙类传染病总计,甲乙丙类,summary,866477,2139,https://www.chinacdc.cn/jksj/jksj01/202505/t20250523_307013.html
2025-04-01,2025-04-30,2025-04,2025-05-22,甲乙类传染病合计,甲乙类,summary,457090,2138,https://www.chinacdc.cn/jksj/jksj01/202505/t20250523_307013.html
2025-04-01,2025-04-30,2025-04,2025-05-22,狂犬病,乙类,disease,13,11,https://www.chinacdc.cn/jksj/jksj01/202505/t20250523_307013.html
2025-04-01,2025-04-30,2025-04,2025-05-22,淋病,乙类,disease,8975,0,https://www.chinacdc.cn/jksj/jksj01/202505/t20250523_307013.html
2025-04-01,2025-04-30,2025-04,2025-05-22,流行性出血热,乙类,disease,244,0,https://www.chinacdc.cn/jksj/jksj01/202505/t20250523_307013.html
2025-04-01,2025-04-30,2025-04,2025-05-22,流行性感冒,丙类,disease,143986,0,https://www.chinacdc.cn/jksj/jksj01/202505/t20250523_307013.html
2025-04-01,2025-04-30,2025-04,2025-05-22,流行性和地方性斑疹伤寒,丙类,disease,89,0,https://www.chinacdc.cn/jksj/jksj01/202505/t20250523_307013.html
2025-04-01,2025-04-30,2025-04,2025-05-22,流行性脑脊髓膜炎,乙类,disease,24,2,https://www.chinacdc.cn/jksj/jksj01/202505/t20250523_307013.html
2025-04-01,2025-04-30,2025-04,2025-05-22,流行性腮腺炎,丙类,disease,8641,0,https://www.chinacdc.cn/jksj/jksj01/202505/t20250523_307013.html
2025-04-01,2025-04-30,2025-04,2025-05-22,流行性乙型脑炎,乙类,disease,0,0,https://www.chinacdc.cn/jksj/jksj01/202505/t20250523_307013.html
2025-04-01,2025-04-30,2025-04,2025-05-22,麻风病,丙类,disease,38,0,https://www.chinacdc.cn/jksj/jksj01/202505/t20250523_307013.html
2025-04-01,2025-04-30,2025-04,2025-05-22,麻疹,乙类,disease,234,0,https://www.chinacdc.cn/jksj/jksj01/202505/t20250523_307013.html
2025-04-01,2025-04-30,2025-04,2025-05-22,梅毒,乙类,disease,57441,8,https://www.chinacdc.cn/jksj/jksj01/202505/t20250523_307013.html
2025-04-01,2025-04-30,2025-04,2025-05-22,疟疾,乙类,disease,257,2,https://www.chinacdc.cn/jksj/jksj01/202505/t20250523_307013.html
2025-04-01,2025-04-30,2025-04,2025-05-22,其他感染性腹泻病,丙类,disease,227604,0,https://www.chinacdc.cn/jksj/jksj01/202505/t20250523_307013.html
2025-04-01,2025-04-30,2025-04,2025-05-22,人感染高致病性禽流感,乙类,disease,0,0,https://www.chinacdc.cn/jksj/jksj01/202505/t20250523_307013.html
2025-04-01,2025-04-30,2025-04,2025-05-22,人感染H7N9禽流感,乙类,disease,0,0,https://www.chinacdc.cn/jksj/jksj01/202505/t20250523_307013.html
2025-04-01,2025-04-30,2025-04,2025-05-22,伤寒和副伤寒,乙类,disease,293,0,https://www.chinacdc.cn/jksj/jksj01/202505/t20250523_307013.html
2025-04-01,2025-04-30,2025-04,2025-05-22,手足口病,丙类,disease,26217,0,https://www.chinacdc.cn/jksj/jksj01/202505/t20250523_307013.html
2025-04-01,2025-04-30,2025-04,2025-05-22,鼠疫,甲类,disease,0,0,https://www.chinacdc.cn/jksj/jksj01/202505/t20250523_307013.html
2025-04-01,2025-04-30,2025-04,2025-05-22,丝虫病,丙类,disease,0,0,https://www.chinacdc.cn/jksj/jksj01/202505/t20250523_307013.html
2025-04-01,2025-04-30,2025-04,2025-05-22,炭疽,乙类,disease,18,0,https://www.chinacdc.cn/jksj/jksj01/202505/t20250523_307013.html
2025-04-01,2025-04-30,2025-04,2025-05-22,未分型肝炎,乙类,disease,623,0,https://www.chinacdc.cn/jksj/jksj01/202505/t20250523_307013.html
2025-04-01,2025-04-30,2025-04,2025-05-22,戊型肝炎,乙类,disease,3339,2,https://www.chinacdc.cn/jksj/jksj01/202505/t20250523_307013.html
2025-04-01,2025-04-30,2025-04,2025-05-22,细菌性和阿米巴性痢疾,乙类,disease,2235,0,https://www.chinacdc.cn/jksj/jksj01/202505/t20250523_307013.html
2025-04-01,2025-04-30,2025-04,2025-05-22,新生儿破伤风,乙类,disease,1,0,https://www.chinacdc.cn/jksj/jksj01/202505/t20250523_307013.html
2025-04-01,2025-04-30,2025-04,2025-05-22,新型冠状病毒感染,乙类,disease,168507,9,https://www.chinacdc.cn/jksj/jksj01/202505/t20250523_307013.html
2025-04-01,2025-04-30,2025-04,2025-05-22,猩红热,乙类,disease,6465,0,https://www.chinacdc.cn/jksj/jksj01/202505/t20250523_307013.html
2025-04-01,2025-04-30,2025-04,2025-05-22,血吸虫病,乙类,disease,1,0,https://www.chinacdc.cn/jksj/jksj01/202505/t20250523_307013.html
2025-04-01,2025-04-30,2025-04,2025-05-22,乙型肝炎,乙类,disease,113974,34,https://www.chinacdc.cn/jksj/jksj01/202505/t20250523_307013.html
2025-05-01,2025-05-31,2025-05,2025-06-05,艾滋病,乙类,disease,4240,1573,https://www.chinacdc.cn/jksj/jksj01/202506/t20250606_307411.html
2025-05-01,2025-05-31,2025-05,2025-06-05,白喉,乙类,disease,0,0,https://www.chinacdc.cn/jksj/jksj01/202506/t20250606_307411.html
2025-05-01,2025-05-31,2025-05,2025-06-05,百日咳,乙类,disease,4260,0,https://www.chinacdc.cn/jksj/jksj01/202506/t20250606_307411.html
2025-05-01,2025-05-31,2025-05,2025-06-05,包虫病,丙类,disease,292,0,https://www.chinacdc.cn/jksj/jksj01/202506/t20250606_307411.html
2025-05-01,2025-05-31,2025-05,2025-06-05,丙类传染病合计,丙类,summary,359290,1,https://www.chinacdc.cn/jksj/jksj01/202506/t20250606_307411.html
2025-05-01,2025-05-31,2025-05,2025-06-05,丙型肝炎,乙类,disease,16525,176,https://www.chinacdc.cn/jksj/jksj01/202506/t20250606_307411.html
2025-05-01,2025-05-31,2025-05,2025-06-05,病毒性肝炎,乙类,group,130327,208,https://www.chinacdc.cn/jksj/jksj01/202506/t20250606_307411.html
2025-05-01,2025-05-31,2025-05,2025-06-05,布鲁氏菌病,乙类,disease,6982,0,https://www.chinacdc.cn/jksj/jksj01/202506/t20250606_307411.html
2025-05-01,2025-05-31,2025-05,2025-06-05,传染性非典型肺炎,乙类,disease,0,0,https://www.chinacdc.cn/jksj/jksj01/202506/t20250606_307411.html
2025-05-01,2025-05-31,2025-05,2025-06-05,登革热,乙类,disease,126,0,https://www.chinacdc.cn/jksj/jksj01/202506/t20250606_307411.html
2025-05-01,2025-05-31,2025-05,2025-06-05,丁型肝炎,乙类,disease,20,0,https://www.chinacdc.cn/jksj/jksj01/202506/t20250606_307411.html
2025-05-01,2025-05-31,2025-05,2025-06-05,肺结核,乙类,disease,55165,228,https://www.chinacdc.cn/jksj/jksj01/202506/t20250606_307411.html
2025-05-01,2025-05-31,2025-05,2025-06-05,风疹,丙类,disease,66,0,https://www.chinacdc.cn/jksj/jksj01/202506/t20250606_307411.html
2025-05-01,2025-05-31,2025-05,2025-06-05,钩端螺旋体病,乙类,disease,12,0,https://www.chinacdc.cn/jksj/jksj01/202506/t20250606_307411.html
2025-05-01,2025-05-31,2025-05,2025-06-05,黑热病,丙类,disease,35,0,https://www.chinacdc.cn/jksj/jksj01/202506/t20250606_307411.html
2025-05-01,2025-05-31,2025-05,2025-06-05,猴痘,乙类,disease,112,0,https://www.chinacdc.cn/jksj/jksj01/202506/t20250606_307411.html
2025-05-01,2025-05-31,2025-05,2025-06-05,霍乱,甲类,disease,2,0,https://www.chinacdc.cn/jksj/jksj01/202506/t20250606_307411.html
2025-05-01,2025-05-31,2025-05,2025-06-05,急性出血性结膜炎,丙类,disease,2659,0,https://www.chinacdc.cn/jksj/jksj01/202506/t20250606_307411.html
2025-05-01,2025-05-31,2025-05,2025-06-05,脊髓灰质炎,乙类,disease,0,0,https://www.chinacdc.cn/jksj/jksj01/202506/t20250606_307411.html
2025-05-01,2025-05-31,2025-05,2025-06-05,甲型肝炎,乙类,disease,1862,0,https://www.chinacdc.cn/jksj/jksj01/202506/t20250606_307411.html
2025-05-01,2025-05-31,2025-05,2025-06-05,甲乙丙类传染病总计,甲乙丙类,summary,1077760,2043,https://www.chinacdc.cn/jksj/jksj01/202506/t20250606_307411.html
2025-05-01,2025-05-31,2025-05,2025-06-05,甲乙类传染病合计,甲乙类,summary,718470,2042,https://www.chinacdc.cn/jksj/jksj01/202506/t20250606_307411.html
2025-05-01,2025-05-31,2025-05,2025-06-05,狂犬病,乙类,disease,19,18,https://www.chinacdc.cn/jksj/jksj01/202506/t20250606_307411.html
2025-05-01,2025-05-31,2025-05,2025-06-05,淋病,乙类,disease,9533,0,https://www.chinacdc.cn/jksj/jksj01/202506/t20250606_307411.html
2025-05-01,2025-05-31,2025-05,2025-06-05,流行性出血热,乙类,disease,268,0,https://www.chinacdc.cn/jksj/jksj01/202506/t20250606_307411.html
2025-05-01,2025-05-31,2025-05,2025-06-05,流行性感冒,丙类,disease,115573,0,https://www.chinacdc.cn/jksj/jksj01/202506/t20250606_307411.html
2025-05-01,2025-05-31,2025-05,2025-06-05,流行性和地方性斑疹伤寒,丙类,disease,218,0,https://www.chinacdc.cn/jksj/jksj01/202506/t20250606_307411.html
2025-05-01,2025-05-31,2025-05,2025-06-05,流行性脑脊髓膜炎,乙类,disease,14,1,https://www.chinacdc.cn/jksj/jksj01/202506/t20250606_307411.html
2025-05-01,2025-05-31,2025-05,2025-06-05,流行性腮腺炎,丙类,disease,8962,0,https://www.chinacdc.cn/jksj/jksj01/202506/t20250606_307411.html
2025-05-01,2025-05-31,2025-05,2025-06-05,流行性乙型脑炎,乙类,disease,1,0,https://www.chinacdc.cn/jksj/jksj01/202506/t20250606_307411.html
2025-05-01,2025-05-31,2025-05,2025-06-05,麻风病,丙类,disease,31,0,https://www.chinacdc.cn/jksj/jksj01/202506/t20250606_307411.html
2025-05-01,2025-05-31,2025-05,2025-06-05,麻疹,乙类,disease,200,0,https://www.chinacdc.cn/jksj/jksj01/202506/t20250606_307411.html
2025-05-01,2025-05-31,2025-05,2025-06-05,梅毒,乙类,disease,54898,6,https://www.chinacdc.cn/jksj/jksj01/202506/t20250606_307411.html
2025-05-01,2025-05-31,2025-05,2025-06-05,疟疾,乙类,disease,343,1,https://www.chinacdc.cn/jksj/jksj01/202506/t20250606_307411.html
2025-05-01,2025-05-31,2025-05,2025-06-05,其他感染性腹泻病,丙类,disease,179418,1,https://www.chinacdc.cn/jksj/jksj01/202506/t20250606_307411.html
2025-05-01,2025-05-31,2025-05,2025-06-05,人感染高致病性禽流感,乙类,disease,0,0,https://www.chinacdc.cn/jksj/jksj01/202506/t20250606_307411.html
2025-05-01,2025-05-31,2025-05,2025-06-05,人感染H7N9禽流感,乙类,disease,0,0,https://www.chinacdc.cn/jksj/jksj01/202506/t20250606_307411.html
2025-05-01,2025-05-31,2025-05,2025-06-05,伤寒和副伤寒,乙类,disease,459,0,https://www.chinacdc.cn/jksj/jksj01/202506/t20250606_307411.html
2025-05-01,2025-05-31,2025-05,2025-06-05,手足口病,丙类,disease,52036,0,https://www.chinacdc.cn/jksj/jksj01/202506/t20250606_307411.html
2025-05-01,2025-05-31,2025-05,2025-06-05,鼠疫,甲类,disease,0,0,https://www.chinacdc.cn/jksj/jksj01/202506/t20250606_307411.html
2025-05-01,2025-05-31,2025-05,2025-06-05,丝虫病,丙类,disease,0,0,https://www.chinacdc.cn/jksj/jksj01/202506/t20250606_307411.html
2025-05-01,2025-05-31,2025-05,2025-06-05,炭疽,乙类,disease,23,0,https://www.chinacdc.cn/jksj/jksj01/202506/t20250606_307411.html
2025-05-01,2025-05-31,2025-05,2025-06-05,未分型肝炎,乙类,disease,586,0,https://www.chinacdc.cn/jksj/jksj01/202506/t20250606_307411.html
2025-05-01,2025-05-31,2025-05,2025-06-05,戊型肝炎,乙类,disease,3089,0,https://www.chinacdc.cn/jksj/jksj01/202506/t20250606_307411.html
2025-05-01,2025-05-31,2025-05,2025-06-05,细菌性和阿米巴性痢疾,乙类,disease,2978,0,https://www.chinacdc.cn/jksj/jksj01/202506/t20250606_307411.html
2025-05-01,2025-05-31,2025-05,2025-06-05,新生儿破伤风,乙类,disease,1,0,https://www.chinacdc.cn/jksj/jksj01/202506/t20250606_307411.html
2025-05-01,2025-05-31,2025-05,2025-06-05,新型冠状病毒感染,乙类,disease,440662,7,https://www.chinacdc.cn/jksj/jksj01/202506/t20250606_307411.html
2025-05-01,2025-05-31,2025-05,2025-06-05,猩红热,乙类,disease,7844,0,https://www.chinacdc.cn/jksj/jksj01/202506/t20250606_307411.html
2025-05-01,2025-05-31,2025-05,2025-06-05,血吸虫病,乙类,disease,1,0,https://www.chinacdc.cn/jksj/jksj01/202506/t20250606_307411.html
2025-05-01,2025-05-31,2025-05,2025-06-05,乙型肝炎,乙类,disease,108245,32,https://www.chinacdc.cn/jksj/jksj01/202506/t20250606_307411.html
2025-06-01,2025-06-30,2025-06,2025-07-05,艾滋病,乙类,disease,4783,1641,https://www.chinacdc.cn/jksj/jksj01/202507/t20250705_308213.html
2025-06-01,2025-06-30,2025-06,2025-07-05,白喉,乙类,disease,0,0,https://www.chinacdc.cn/jksj/jksj01/202507/t20250705_308213.html
2025-06-01,2025-06-30,2025-06,2025-07-05,百日咳,乙类,disease,3590,0,https://www.chinacdc.cn/jksj/jksj01/202507/t20250705_308213.html
2025-06-01,2025-06-30,2025-06,2025-07-05,包虫病,丙类,disease,285,0,https://www.chinacdc.cn/jksj/jksj01/202507/t20250705_308213.html
2025-06-01,2025-06-30,2025-06,2025-07-05,丙类传染病合计,丙类,summary,410296,2,https://www.chinacdc.cn/jksj/jksj01/202507/t20250705_308213.html
2025-06-01,2025-06-30,2025-06,2025-07-05,丙型肝炎,乙类,disease,15898,297,https://www.chinacdc.cn/jksj/jksj01/202507/t20250705_308213.html
2025-06-01,2025-06-30,2025-06,2025-07-05,病毒性肝炎,乙类,group,126144,336,https://www.chinacdc.cn/jksj/jksj01/202507/t20250705_308213.html
2025-06-01,2025-06-30,2025-06,2025-07-05,布鲁氏菌病,乙类,disease,7187,0,https://www.chinacdc.cn/jksj/jksj01/202507/t20250705_308213.html
2025-06-01,2025-06-30,2025-06,2025-07-05,传染性非典型肺炎,乙类,disease,0,0,https://www.chinacdc.cn/jksj/jksj01/202507/t20250705_308213.html
2025-06-01,2025-06-30,2025-06,2025-07-05,登革热,乙类,disease,225,0,https://www.chinacdc.cn/jksj/jksj01/202507/t20250705_308213.html
2025-06-01,2025-06-30,2025-06,2025-07-05,丁型肝炎,乙类,disease,19,0,https://www.chinacdc.cn/jksj/jksj01/202507/t20250705_308213.html
2025-06-01,2025-06-30,2025-06,2025-07-05,肺结核,乙类,disease,53180,296,https://www.chinacdc.cn/jksj/jksj01/202507/t20250705_308213.html
2025-06-01,2025-06-30,2025-06,2025-07-05,风疹,丙类,disease,53,0,https://www.chinacdc.cn/jksj/jksj01/202507/t20250705_308213.html
2025-06-01,2025-06-30,2025-06,2025-07-05,钩端螺旋体病,乙类,disease,18,0,https://www.chinacdc.cn/jksj/jksj01/202507/t20250705_308213.html
2025-06-01,2025-06-30,2025-06,2025-07-05,黑热病,丙类,disease,23,0,https://www.chinacdc.cn/jksj/jksj01/202507/t20250705_308213.html
2025-06-01,2025-06-30,2025-06,2025-07-05,猴痘,乙类,disease,102,0,https://www.chinacdc.cn/jksj/jksj01/202507/t20250705_308213.html
2025-06-01,2025-06-30,2025-06,2025-07-05,霍乱,甲类,disease,2,0,https://www.chinacdc.cn/jksj/jksj01/202507/t20250705_308213.html
2025-06-01,2025-06-30,2025-06,2025-07-05,急性出血性结膜炎,丙类,disease,2819,0,https://www.chinacdc.cn/jksj/jksj01/202507/t20250705_308213.html
2025-06-01,2025-06-30,2025-06,2025-07-05,脊髓灰质炎,乙类,disease,0,0,https://www.chinacdc.cn/jksj/jksj01/202507/t20250705_308213.html
2025-06-01,2025-06-30,2025-06,2025-07-05,甲型肝炎,乙类,disease,1803,0,https://www.chinacdc.cn/jksj/jksj01/202507/t20250705_308213.html
2025-06-01,2025-06-30,2025-06,2025-07-05,甲乙丙类传染病总计,甲乙丙类,summary,1015490,2313,https://www.chinacdc.cn/jksj/jksj01/202507/t20250705_308213.html
2025-06-01,2025-06-30,2025-06,2025-07-05,甲乙类传染病合计,甲乙类,summary,605194,2311,https://www.chinacdc.cn/jksj/jksj01/202507/t20250705_308213.html
2025-06-01,2025-06-30,2025-06,2025-07-05,狂犬病,乙类,disease,23,20,https://www.chinacdc.cn/jksj/jksj01/202507/t20250705_308213.html
2025-06-01,2025-06-30,2025-06,2025-07-05,淋病,乙类,disease,10011,0,https://www.chinacdc.cn/jksj/jksj01/202507/t20250705_308213.html
2025-06-01,2025-06-30,2025-06,2025-07-05,流行性出血热,乙类,disease,354,1,https://www.chinacdc.cn/jksj/jksj01/202507/t20250705_308213.html
2025-06-01,2025-06-30,2025-06,2025-07-05,流行性感冒,丙类,disease,92292,1,https://www.chinacdc.cn/jksj/jksj01/202507/t20250705_308213.html
2025-06-01,2025-06-30,2025-06,2025-07-05,流行性和地方性斑疹伤寒,丙类,disease,135,0,https://www.chinacdc.cn/jksj/jksj01/202507/t20250705_308213.html
2025-06-01,2025-06-30,2025-06,2025-07-05,流行性脑脊髓膜炎,乙类,disease,7,1,https://www.chinacdc.cn/jksj/jksj01/202507/t20250705_308213.html
2025-06-01,2025-06-30,2025-06,2025-07-05,流行性腮腺炎,丙类,disease,9406,0,https://www.chinacdc.cn/jksj/jksj01/202507/t20250705_308213.html
2025-06-01,2025-06-30,2025-06,2025-07-05,流行性乙型脑炎,乙类,disease,1,0,https://www.chinacdc.cn/jksj/jksj01/202507/t20250705_308213.html
2025-06-01,2025-06-30,2025-06,2025-07-05,麻风病,丙类,disease,22,0,https://www.chinacdc.cn/jksj/jksj01/202507/t20250705_308213.html
2025-06-01,2025-06-30,2025-06,2025-07-05,麻疹,乙类,disease,156,0,https://www.chinacdc.cn/jksj/jksj01/202507/t20250705_308213.html
2025-06-01,2025-06-30,2025-06,2025-07-05,梅毒,乙类,disease,52760,7,https://www.chinacdc.cn/jksj/jksj01/202507/t20250705_308213.html
2025-06-01,2025-06-30,2025-06,2025-07-05,疟疾,乙类,disease,437,0,https://www.chinacdc.cn/jksj/jksj01/202507/t20250705_308213.html
2025-06-01,2025-06-30,2025-06,2025-07-05,其他感染性腹泻病,丙类,disease,154704,1,https://www.chinacdc.cn/jksj/jksj01/202507/t20250705_308213.html
2025-06-01,2025-06-30,2025-06,2025-07-05,人感染高致病性禽流感,乙类,disease,0,0,https://www.chinacdc.cn/jksj/jksj01/202507/t20250705_308213.html
2025-06-01,2025-06-30,2025-06,2025-07-05,人感染H7N9禽流感,乙类,disease,0,0,https://www.chinacdc.cn/jksj/jksj01/202507/t20250705_308213.html
2025-06-01,2025-06-30,2025-06,2025-07-05,伤寒和副伤寒,乙类,disease,564,0,https://www.chinacdc.cn/jksj/jksj01/202507/t20250705_308213.html
2025-06-01,2025-06-30,2025-06,2025-07-05,手足口病,丙类,disease,150557,0,https://www.chinacdc.cn/jksj/jksj01/202507/t20250705_308213.html
2025-06-01,2025-06-30,2025-06,2025-07-05,鼠疫,甲类,disease,0,0,https://www.chinacdc.cn/jksj/jksj01/202507/t20250705_308213.html
2025-06-01,2025-06-30,2025-06,2025-07-05,丝虫病,丙类,disease,0,0,https://www.chinacdc.cn/jksj/jksj01/202507/t20250705_308213.html
2025-06-01,2025-06-30,2025-06,2025-07-05,炭疽,乙类,disease,32,1,https://www.chinacdc.cn/jksj/jksj01/202507/t20250705_308213.html
2025-06-01,2025-06-30,2025-06,2025-07-05,未分型肝炎,乙类,disease,571,0,https://www.chinacdc.cn/jksj/jksj01/202507/t20250705_308213.html
2025-06-01,2025-06-30,2025-06,2025-07-05,戊型肝炎,乙类,disease,2820,1,https://www.chinacdc.cn/jksj/jksj01/202507/t20250705_308213.html
2025-06-01,2025-06-30,2025-06,2025-07-05,细菌性和阿米巴性痢疾,乙类,disease,3670,0,https://www.chinacdc.cn/jksj/jksj01/202507/t20250705_308213.html
2025-06-01,2025-06-30,2025-06,2025-07-05,新生儿破伤风,乙类,disease,0,0,https://www.chinacdc.cn/jksj/jksj01/202507/t20250705_308213.html
2025-06-01,2025-06-30,2025-06,2025-07-05,新型冠状病毒感染,乙类,disease,333229,8,https://www.chinacdc.cn/jksj/jksj01/202507/t20250705_308213.html
2025-06-01,2025-06-30,2025-06,2025-07-05,猩红热,乙类,disease,8718,0,https://www.chinacdc.cn/jksj/jksj01/202507/t20250705_308213.html
2025-06-01,2025-06-30,2025-06,2025-07-05,血吸虫病,乙类,disease,1,0,https://www.chinacdc.cn/jksj/jksj01/202507/t20250705_308213.html
2025-06-01,2025-06-30,2025-06,2025-07-05,乙型肝炎,乙类,disease,105033,38,https://www.chinacdc.cn/jksj/jksj01/202507/t20250705_308213.html
2025-07-01,2025-07-31,2025-07,2025-08-06,艾滋病,乙类,disease,4134,1464,https://www.chinacdc.cn/jksj/jksj01/202508/t20250806_309203.html
2025-07-01,2025-07-31,2025-07,2025-08-06,白喉,乙类,disease,0,0,https://www.chinacdc.cn/jksj/jksj01/202508/t20250806_309203.html
2025-07-01,2025-07-31,2025-07,2025-08-06,百日咳,乙类,disease,2974,0,https://www.chinacdc.cn/jksj/jksj01/202508/t20250806_309203.html
2025-07-01,2025-07-31,2025-07,2025-08-06,包虫病,丙类,disease,412,0,https://www.chinacdc.cn/jksj/jksj01/202508/t20250806_309203.html
2025-07-01,2025-07-31,2025-07,2025-08-06,丙类传染病合计,丙类,summary,432295,1,https://www.chinacdc.cn/jksj/jksj01/202508/t20250806_309203.html
2025-07-01,2025-07-31,2025-07,2025-08-06,丙型肝炎,乙类,disease,17538,243,https://www.chinacdc.cn/jksj/jksj01/202508/t20250806_309203.html
2025-07-01,2025-07-31,2025-07,2025-08-06,病毒性肝炎,乙类,group,136194,283,https://www.chinacdc.cn/jksj/jksj01/202508/t20250806_309203.html
2025-07-01,2025-07-31,2025-07,2025-08-06,布鲁氏菌病,乙类,disease,7301,1,https://www.chinacdc.cn/jksj/jksj01/202508/t20250806_309203.html
2025-07-01,2025-07-31,2025-07,2025-08-06,传染性非典型肺炎,乙类,disease,0,0,https://www.chinacdc.cn/jksj/jksj01/202508/t20250806_309203.html
2025-07-01,2025-07-31,2025-07,2025-08-06,登革热,乙类,disease,694,0,https://www.chinacdc.cn/jksj/jksj01/202508/t20250806_309203.html
2025-07-01,2025-07-31,2025-07,2025-08-06,丁型肝炎,乙类,disease,20,0,https://www.chinacdc.cn/jksj/jksj01/202508/t20250806_309203.html
2025-07-01,2025-07-31,2025-07,2025-08-06,肺结核,乙类,disease,57585,282,https://www.chinacdc.cn/jksj/jksj01/202508/t20250806_309203.html
2025-07-01,2025-07-31,2025-07,2025-08-06,风疹,丙类,disease,65,0,https://www.chinacdc.cn/jksj/jksj01/202508/t20250806_309203.html
2025-07-01,2025-07-31,2025-07,2025-08-06,钩端螺旋体病,乙类,disease,68,0,https://www.chinacdc.cn/jksj/jksj01/202508/t20250806_309203.html
2025-07-01,2025-07-31,2025-07,2025-08-06,黑热病,丙类,disease,31,1,https://www.chinacdc.cn/jksj/jksj01/202508/t20250806_309203.html
2025-07-01,2025-07-31,2025-07,2025-08-06,猴痘,乙类,disease,135,0,https://www.chinacdc.cn/jksj/jksj01/202508/t20250806_309203.html
2025-07-01,2025-07-31,2025-07,2025-08-06,霍乱,甲类,disease,3,0,https://www.chinacdc.cn/jksj/jksj01/202508/t20250806_309203.html
2025-07-01,2025-07-31,2025-07,2025-08-06,急性出血性结膜炎,丙类,disease,2639,0,https://www.chinacdc.cn/jksj/jksj01/202508/t20250806_309203.html
2025-07-01,2025-07-31,2025-07,2025-08-06,脊髓灰质炎,乙类,disease,0,0,https://www.chinacdc.cn/jksj/jksj01/202508/t20250806_309203.html
2025-07-01,2025-07-31,2025-07,2025-08-06,甲型肝炎,乙类,disease,1635,0,https://www.chinacdc.cn/jksj/jksj01/202508/t20250806_309203.html
2025-07-01,2025-07-31,2025-07,2025-08-06,甲乙丙类传染病总计,甲乙丙类,summary,946063,2060,https://www.chinacdc.cn/jksj/jksj01/202508/t20250806_309203.html
2025-07-01,2025-07-31,2025-07,2025-08-06,甲乙类传染病合计,甲乙类,summary,513768,2059,https://www.chinacdc.cn/jksj/jksj01/202508/t20250806_309203.html
2025-07-01,2025-07-31,2025-07,2025-08-06,狂犬病,乙类,disease,27,21,https://www.chinacdc.cn/jksj/jksj01/202508/t20250806_309203.html
2025-07-01,2025-07-31,2025-07,2025-08-06,淋病,乙类,disease,10992,0,https://www.chinacdc.cn/jksj/jksj01/202508/t20250806_309203.html
2025-07-01,2025-07-31,2025-07,2025-08-06,流行性出血热,乙类,disease,205,0,https://www.chinacdc.cn/jksj/jksj01/202508/t20250806_309203.html
2025-07-01,2025-07-31,2025-07,2025-08-06,流行性感冒,丙类,disease,78790,0,https://www.chinacdc.cn/jksj/jksj01/202508/t20250806_309203.html
2025-07-01,2025-07-31,2025-07,2025-08-06,流行性和地方性斑疹伤寒,丙类,disease,164,0,https://www.chinacdc.cn/jksj/jksj01/202508/t20250806_309203.html
2025-07-01,2025-07-31,2025-07,2025-08-06,流行性脑脊髓膜炎,乙类,disease,12,1,https://www.chinacdc.cn/jksj/jksj01/202508/t20250806_309203.html
2025-07-01,2025-07-31,2025-07,2025-08-06,流行性腮腺炎,丙类,disease,6907,0,https://www.chinacdc.cn/jksj/jksj01/202508/t20250806_309203.html
2025-07-01,2025-07-31,2025-07,2025-08-06,流行性乙型脑炎,乙类,disease,3,0,https://www.chinacdc.cn/jksj/jksj01/202508/t20250806_309203.html
2025-07-01,2025-07-31,2025-07,2025-08-06,麻风病,丙类,disease,27,0,https://www.chinacdc.cn/jksj/jksj01/202508/t20250806_309203.html
2025-07-01,2025-07-31,2025-07,2025-08-06,麻疹,乙类,disease,135,0,https://www.chinacdc.cn/jksj/jksj01/202508/t20250806_309203.html
2025-07-01,2025-07-31,2025-07,2025-08-06,梅毒,乙类,disease,57384,3,https://www.chinacdc.cn/jksj/jksj01/202508/t20250806_309203.html
2025-07-01,2025-07-31,2025-07,2025-08-06,疟疾,乙类,disease,424,1,https://www.chinacdc.cn/jksj/jksj01/202508/t20250806_309203.html
2025-07-01,2025-07-31,2025-07,2025-08-06,其他感染性腹泻病,丙类,disease,148551,0,https://www.chinacdc.cn/jksj/jksj01/202508/t20250806_309203.html
2025-07-01,2025-07-31,2025-07,2025-08-06,人感染高致病性禽流感,乙类,disease,0,0,https://www.chinacdc.cn/jksj/jksj01/202508/t20250806_309203.html
2025-07-01,2025-07-31,2025-07,2025-08-06,人感染H7N9禽流感,乙类,disease,0,0,https://www.chinacdc.cn/jksj/jksj01/202508/t20250806_309203.html
2025-07-01,2025-07-31,2025-07,2025-08-06,伤寒和副伤寒,乙类,disease,672,0,https://www.chinacdc.cn/jksj/jksj01/202508/t20250806_309203.html
2025-07-01,2025-07-31,2025-07,2025-08-06,手足口病,丙类,disease,194709,0,https://www.chinacdc.cn/jksj/jksj01/202508/t20250806_309203.html
2025-07-01,2025-07-31,2025-07,2025-08-06,鼠疫,甲类,disease,0,0,https://www.chinacdc.cn/jksj/jksj01/202508/t20250806_309203.html
2025-07-01,2025-07-31,2025-07,2025-08-06,丝虫病,丙类,disease,0,0,https://www.chinacdc.cn/jksj/jksj01/202508/t20250806_309203.html
2025-07-01,2025-07-31,2025-07,2025-08-06,炭疽,乙类,disease,87,0,https://www.chinacdc.cn/jksj/jksj01/202508/t20250806_309203.html
2025-07-01,2025-07-31,2025-07,2025-08-06,未分型肝炎,乙类,disease,586,0,https://www.chinacdc.cn/jksj/jksj01/202508/t20250806_309203.html
2025-07-01,2025-07-31,2025-07,2025-08-06,戊型肝炎,乙类,disease,2837,1,https://www.chinacdc.cn/jksj/jksj01/202508/t20250806_309203.html
2025-07-01,2025-07-31,2025-07,2025-08-06,细菌性和阿米巴性痢疾,乙类,disease,3899,0,https://www.chinacdc.cn/jksj/jksj01/202508/t20250806_309203.html
2025-07-01,2025-07-31,2025-07,2025-08-06,新生儿破伤风,乙类,disease,3,1,https://www.chinacdc.cn/jksj/jksj01/202508/t20250806_309203.html
2025-07-01,2025-07-31,2025-07,2025-08-06,新型冠状病毒感染,乙类,disease,226567,2,https://www.chinacdc.cn/jksj/jksj01/202508/t20250806_309203.html
2025-07-01,2025-07-31,2025-07,2025-08-06,猩红热,乙类,disease,4268,0,https://www.chinacdc.cn/jksj/jksj01/202508/t20250806_309203.html
2025-07-01,2025-07-31,2025-07,2025-08-06,血吸虫病,乙类,disease,2,0,https://www.chinacdc.cn/jksj/jksj01/202508/t20250806_309203.html
2025-07-01,2025-07-31,2025-07,2025-08-06,乙型肝炎,乙类,disease,113578,39,https://www.chinacdc.cn/jksj/jksj01/202508/t20250806_309203.html
2025-08-01,2025-08-31,2025-08,2025-09-05,艾滋病,乙类,disease,3754,1402,https://www.chinacdc.cn/jksj/jksj01/202509/t20250905_310265.html
2025-08-01,2025-08-31,2025-08,2025-09-05,白喉,乙类,disease,0,0,https://www.chinacdc.cn/jksj/jksj01/202509/t20250905_310265.html
2025-08-01,2025-08-31,2025-08,2025-09-05,百日咳,乙类,disease,1774,0,https://www.chinacdc.cn/jksj/jksj01/202509/t20250905_310265.html
2025-08-01,2025-08-31,2025-08,2025-09-05,包虫病,丙类,disease,370,0,https://www.chinacdc.cn/jksj/jksj01/202509/t20250905_310265.html
2025-08-01,2025-08-31,2025-08,2025-09-05,丙类传染病合计,丙类,summary,342026,2,https://www.chinacdc.cn/jksj/jksj01/202509/t20250905_310265.html
2025-08-01,2025-08-31,2025-08,2025-09-05,丙型肝炎,乙类,disease,16138,189,https://www.chinacdc.cn/jksj/jksj01/202509/t20250905_310265.html
2025-08-01,2025-08-31,2025-08,2025-09-05,病毒性肝炎,乙类,group,130104,227,https://www.chinacdc.cn/jksj/jksj01/202509/t20250905_310265.html
2025-08-01,2025-08-31,2025-08,2025-09-05,布鲁氏菌病,乙类,disease,6137,1,https://www.chinacdc.cn/jksj/jksj01/202509/t20250905_310265.html
2025-08-01,2025-08-31,2025-08,2025-09-05,传染性非典型肺炎,乙类,disease,0,0,https://www.chinacdc.cn/jksj/jksj01/202509/t20250905_310265.html
2025-08-01,2025-08-31,2025-08,2025-09-05,登革热,乙类,disease,1702,0,https://www.chinacdc.cn/jksj/jksj01/202509/t20250905_310265.html
2025-08-01,2025-08-31,2025-08,2025-09-05,丁型肝炎,乙类,disease,13,0,https://www.chinacdc.cn/jksj/jksj01/202509/t20250905_310265.html
2025-08-01,2025-08-31,2025-08,2025-09-05,肺结核,乙类,disease,54614,246,https://www.chinacdc.cn/jksj/jksj01/202509/t20250905_310265.html
2025-08-01,2025-08-31,2025-08,2025-09-05,风疹,丙类,disease,51,0,https://www.chinacdc.cn/jksj/jksj01/202509/t20250905_310265.html
2025-08-01,2025-08-31,2025-08,2025-09-05,钩端螺旋体病,乙类,disease,156,0,https://www.chinacdc.cn/jksj/jksj01/202509/t20250905_310265.html
2025-08-01,2025-08-31,2025-08,2025-09-05,黑热病,丙类,disease,33,0,https://www.chinacdc.cn/jksj/jksj01/202509/t20250905_310265.html
2025-08-01,2025-08-31,2025-08,2025-09-05,猴痘,乙类,disease,81,0,https://www.chinacdc.cn/jksj/jksj01/202509/t20250905_310265.html
2025-08-01,2025-08-31,2025-08,2025-09-05,霍乱,甲类,disease,5,0,https://www.chinacdc.cn/jksj/jksj01/202509/t20250905_310265.html
2025-08-01,2025-08-31,2025-08,2025-09-05,急性出血性结膜炎,丙类,disease,2044,0,https://www.chinacdc.cn/jksj/jksj01/202509/t20250905_310265.html
2025-08-01,2025-08-31,2025-08,2025-09-05,脊髓灰质炎,乙类,disease,0,0,https://www.chinacdc.cn/jksj/jksj01/202509/t20250905_310265.html
2025-08-01,2025-08-31,2025-08,2025-09-05,甲型肝炎,乙类,disease,1311,0,https://www.chinacdc.cn/jksj/jksj01/202509/t20250905_310265.html
2025-08-01,2025-08-31,2025-08,2025-09-05,甲乙丙类传染病总计,甲乙丙类,summary,776879,1921,https://www.chinacdc.cn/jksj/jksj01/202509/t20250905_310265.html
2025-08-01,2025-08-31,2025-08,2025-09-05,甲乙类传染病合计,甲乙类,summary,434853,1919,https://www.chinacdc.cn/jksj/jksj01/202509/t20250905_310265.html
2025-08-01,2025-08-31,2025-08,2025-09-05,狂犬病,乙类,disease,32,27,https://www.chinacdc.cn/jksj/jksj01/202509/t20250905_310265.html
2025-08-01,2025-08-31,2025-08,2025-09-05,淋病,乙类,disease,10477,0,https://www.chinacdc.cn/jksj/jksj01/202509/t20250905_310265.html
2025-08-01,2025-08-31,2025-08,2025-09-05,流行性出血热,乙类,disease,122,0,https://www.chinacdc.cn/jksj/jksj01/202509/t20250905_310265.html
2025-08-01,2025-08-31,2025-08,2025-09-05,流行性感冒,丙类,disease,85606,0,https://www.chinacdc.cn/jksj/jksj01/202509/t20250905_310265.html
2025-08-01,2025-08-31,2025-08,2025-09-05,流行性和地方性斑疹伤寒,丙类,disease,145,0,https://www.chinacdc.cn/jksj/jksj01/202509/t20250905_310265.html
2025-08-01,2025-08-31,2025-08,2025-09-05,流行性脑脊髓膜炎,乙类,disease,8,0,https://www.chinacdc.cn/jksj/jksj01/202509/t20250905_310265.html
2025-08-01,2025-08-31,2025-08,2025-09-05,流行性腮腺炎,丙类,disease,6009,0,https://www.chinacdc.cn/jksj/jksj01/202509/t20250905_310265.html
2025-08-01,2025-08-31,2025-08,2025-09-05,流行性乙型脑炎,乙类,disease,36,3,https://www.chinacdc.cn/jksj/jksj01/202509/t20250905_310265.html
2025-08-01,2025-08-31,2025-08,2025-09-05,麻风病,丙类,disease,23,0,https://www.chinacdc.cn/jksj/jksj01/202509/t20250905_310265.html
2025-08-01,2025-08-31,2025-08,2025-09-05,麻疹,乙类,disease,94,0,https://www.chinacdc.cn/jksj/jksj01/202509/t20250905_310265.html
2025-08-01,2025-08-31,2025-08,2025-09-05,梅毒,乙类,disease,54387,4,https://www.chinacdc.cn/jksj/jksj01/202509/t20250905_310265.html
2025-08-01,2025-08-31,2025-08,2025-09-05,疟疾,乙类,disease,420,1,https://www.chinacdc.cn/jksj/jksj01/202509/t20250905_310265.html
2025-08-01,2025-08-31,2025-08,2025-09-05,其他感染性腹泻病,丙类,disease,144550,2,https://www.chinacdc.cn/jksj/jksj01/202509/t20250905_310265.html
2025-08-01,2025-08-31,2025-08,2025-09-05,人感染高致病性禽流感,乙类,disease,0,0,https://www.chinacdc.cn/jksj/jksj01/202509/t20250905_310265.html
2025-08-01,2025-08-31,2025-08,2025-09-05,人感染H7N9禽流感,乙类,disease,0,0,https://www.chinacdc.cn/jksj/jksj01/202509/t20250905_310265.html
2025-08-01,2025-08-31,2025-08,2025-09-05,伤寒和副伤寒,乙类,disease,647,0,https://www.chinacdc.cn/jksj/jksj01/202509/t20250905_310265.html
2025-08-01,2025-08-31,2025-08,2025-09-05,手足口病,丙类,disease,103195,0,https://www.chinacdc.cn/jksj/jksj01/202509/t20250905_310265.html
2025-08-01,2025-08-31,2025-08,2025-09-05,鼠疫,甲类,disease,0,0,https://www.chinacdc.cn/jksj/jksj01/202509/t20250905_310265.html
2025-08-01,2025-08-31,2025-08,2025-09-05,丝虫病,丙类,disease,0,0,https://www.chinacdc.cn/jksj/jksj01/202509/t20250905_310265.html
2025-08-01,2025-08-31,2025-08,2025-09-05,炭疽,乙类,disease,106,1,https://www.chinacdc.cn/jksj/jksj01/202509/t20250905_310265.html
2025-08-01,2025-08-31,2025-08,2025-09-05,未分型肝炎,乙类,disease,575,0,https://www.chinacdc.cn/jksj/jksj01/202509/t20250905_310265.html
2025-08-01,2025-08-31,2025-08,2025-09-05,戊型肝炎,乙类,disease,2712,1,https://www.chinacdc.cn/jksj/jksj01/202509/t20250905_310265.html
2025-08-01,2025-08-31,2025-08,2025-09-05,细菌性和阿米巴性痢疾,乙类,disease,3686,0,https://www.chinacdc.cn/jksj/jksj01/202509/t20250905_310265.html
2025-08-01,2025-08-31,2025-08,2025-09-05,新生儿破伤风,乙类,disease,0,0,https://www.chinacdc.cn/jksj/jksj01/202509/t20250905_310265.html
2025-08-01,2025-08-31,2025-08,2025-09-05,新型冠状病毒感染,乙类,disease,164625,7,https://www.chinacdc.cn/jksj/jksj01/202509/t20250905_310265.html
2025-08-01,2025-08-31,2025-08,2025-09-05,猩红热,乙类,disease,1884,0,https://www.chinacdc.cn/jksj/jksj01/202509/t20250905_310265.html
2025-08-01,2025-08-31,2025-08,2025-09-05,血吸虫病,乙类,disease,2,0,https://www.chinacdc.cn/jksj/jksj01/202509/t20250905_310265.html
2025-08-01,2025-08-31,2025-08,2025-09-05,乙型肝炎,乙类,disease,109355,37,https://www.chinacdc.cn/jksj/jksj01/202509/t20250905_310265.html
2025-09-01,2025-09-30,2025-09,2025-10-11,艾滋病,乙类,disease,4571,1675,https://www.chinacdc.cn/jksj/jksj01/202510/t20251011_312919.html
2025-09-01,2025-09-30,2025-09,2025-10-11,白喉,乙类,disease,0,0,https://www.chinacdc.cn/jksj/jksj01/202510/t20251011_312919.html
2025-09-01,2025-09-30,2025-09,2025-10-11,百日咳,乙类,disease,1028,0,https://www.chinacdc.cn/jksj/jksj01/202510/t20251011_312919.html
2025-09-01,2025-09-30,2025-09,2025-10-11,包虫病,丙类,disease,357,2,https://www.chinacdc.cn/jksj/jksj01/202510/t20251011_312919.html
2025-09-01,2025-09-30,2025-09,2025-10-11,丙类传染病合计,丙类,summary,453662,2,https://www.chinacdc.cn/jksj/jksj01/202510/t20251011_312919.html
2025-09-01,2025-09-30,2025-09,2025-10-11,丙型肝炎,乙类,disease,14991,282,https://www.chinacdc.cn/jksj/jksj01/202510/t20251011_312919.html
2025-09-01,2025-09-30,2025-09,2025-10-11,病毒性肝炎,乙类,group,125571,324,https://www.chinacdc.cn/jksj/jksj01/202510/t20251011_312919.html
2025-09-01,2025-09-30,2025-09,2025-10-11,布鲁氏菌病,乙类,disease,4835,0,https://www.chinacdc.cn/jksj/jksj01/202510/t20251011_312919.html
2025-09-01,2025-09-30,2025-09,2025-10-11,传染性非典型肺炎,乙类,disease,0,0,https://www.chinacdc.cn/jksj/jksj01/202510/t20251011_312919.html
2025-09-01,2025-09-30,2025-09,2025-10-11,登革热,乙类,disease,2321,0,https://www.chinacdc.cn/jksj/jksj01/202510/t20251011_312919.html
2025-09-01,2025-09-30,2025-09,2025-10-11,丁型肝炎,乙类,disease,27,0,https://www.chinacdc.cn/jksj/jksj01/202510/t20251011_312919.html
2025-09-01,2025-09-30,2025-09,2025-10-11,肺结核,乙类,disease,56168,262,https://www.chinacdc.cn/jksj/jksj01/202510/t20251011_312919.html
2025-09-01,2025-09-30,2025-09,2025-10-11,风疹,丙类,disease,45,0,https://www.chinacdc.cn/jksj/jksj01/202510/t20251011_312919.html
2025-09-01,2025-09-30,2025-09,2025-10-11,钩端螺旋体病,乙类,disease,176,2,https://www.chinacdc.cn/jksj/jksj01/202510/t20251011_312919.html
2025-09-01,2025-09-30,2025-09,2025-10-11,黑热病,丙类,disease,27,0,https://www.chinacdc.cn/jksj/jksj01/202510/t20251011_312919.html
2025-09-01,2025-09-30,2025-09,2025-10-11,猴痘,乙类,disease,84,0,https://www.chinacdc.cn/jksj/jksj01/202510/t20251011_312919.html
2025-09-01,2025-09-30,2025-09,2025-10-11,霍乱,甲类,disease,1,0,https://www.chinacdc.cn/jksj/jksj01/202510/t20251011_312919.html
2025-09-01,2025-09-30,2025-09,2025-10-11,急性出血性结膜炎,丙类,disease,2082,0,https://www.chinacdc.cn/jksj/jksj01/202510/t20251011_312919.html
2025-09-01,2025-09-30,2025-09,2025-10-11,脊髓灰质炎,乙类,disease,0,0,https://www.chinacdc.cn/jksj/jksj01/202510/t20251011_312919.html
2025-09-01,2025-09-30,2025-09,2025-10-11,甲型肝炎,乙类,disease,1228,0,https://www.chinacdc.cn/jksj/jksj01/202510/t20251011_312919.html
2025-09-01,2025-09-30,2025-09,2025-10-11,甲乙丙类传染病总计,甲乙丙类,summary,785983,2308,https://www.chinacdc.cn/jksj/jksj01/202510/t20251011_312919.html
2025-09-01,2025-09-30,2025-09,2025-10-11,甲乙类传染病合计,甲乙类,summary,332321,2306,https://www.chinacdc.cn/jksj/jksj01/202510/t20251011_312919.html
2025-09-01,2025-09-30,2025-09,2025-10-11,狂犬病,乙类,disease,26,29,https://www.chinacdc.cn/jksj/jksj01/202510/t20251011_312919.html
2025-09-01,2025-09-30,2025-09,2025-10-11,淋病,乙类,disease,10540,1,https://www.chinacdc.cn/jksj/jksj01/202510/t20251011_312919.html
2025-09-01,2025-09-30,2025-09,2025-10-11,流行性出血热,乙类,disease,102,0,https://www.chinacdc.cn/jksj/jksj01/202510/t20251011_312919.html
2025-09-01,2025-09-30,2025-09,2025-10-11,流行性感冒,丙类,disease,157988,0,https://www.chinacdc.cn/jksj/jksj01/202510/t20251011_312919.html
2025-09-01,2025-09-30,2025-09,2025-10-11,流行性和地方性斑疹伤寒,丙类,disease,195,0,https://www.chinacdc.cn/jksj/jksj01/202510/t20251011_312919.html
2025-09-01,2025-09-30,2025-09,2025-10-11,流行性脑脊髓膜炎,乙类,disease,10,0,https://www.chinacdc.cn/jksj/jksj01/202510/t20251011_312919.html
2025-09-01,2025-09-30,2025-09,2025-10-11,流行性腮腺炎,丙类,disease,9068,0,https://www.chinacdc.cn/jksj/jksj01/202510/t20251011_312919.html
2025-09-01,2025-09-30,2025-09,2025-10-11,流行性乙型脑炎,乙类,disease,66,3,https://www.chinacdc.cn/jksj/jksj01/202510/t20251011_312919.html
2025-09-01,2025-09-30,2025-09,2025-10-11,麻风病,丙类,disease,17,0,https://www.chinacdc.cn/jksj/jksj01/202510/t20251011_312919.html
2025-09-01,2025-09-30,2025-09,2025-10-11,麻疹,乙类,disease,55,0,https://www.chinacdc.cn/jksj/jksj01/202510/t20251011_312919.html
2025-09-01,2025-09-30,2025-09,2025-10-11,梅毒,乙类,disease,53818,5,https://www.chinacdc.cn/jksj/jksj01/202510/t20251011_312919.html
2025-09-01,2025-09-30,2025-09,2025-10-11,疟疾,乙类,disease,352,0,https://www.chinacdc.cn/jksj/jksj01/202510/t20251011_312919.html
2025-09-01,2025-09-30,2025-09,2025-10-11,其他感染性腹泻病,丙类,disease,124055,0,https://www.chinacdc.cn/jksj/jksj01/202510/t20251011_312919.html
2025-09-01,2025-09-30,2025-09,2025-10-11,人感染新亚型流感,乙类,disease,2,0,https://www.chinacdc.cn/jksj/jksj01/202510/t20251011_312919.html
2025-09-01,2025-09-30,2025-09,2025-10-11,伤寒和副伤寒,乙类,disease,619,0,https://www.chinacdc.cn/jksj/jksj01/202510/t20251011_312919.html
2025-09-01,2025-09-30,2025-09,2025-10-11,手足口病,丙类,disease,159828,0,https://www.chinacdc.cn/jksj/jksj01/202510/t20251011_312919.html
2025-09-01,2025-09-30,2025-09,2025-10-11,鼠疫,甲类,disease,0,0,https://www.chinacdc.cn/jksj/jksj01/202510/t20251011_312919.html
2025-09-01,2025-09-30,2025-09,2025-10-11,丝虫病,丙类,disease,0,0,https://www.chinacdc.cn/jksj/jksj01/202510/t20251011_312919.html
2025-09-01,2025-09-30,2025-09,2025-10-11,炭疽,乙类,disease,68,1,https://www.chinacdc.cn/jksj/jksj01/202510/t20251011_312919.html
2025-09-01,2025-09-30,2025-09,2025-10-11,未分型肝炎,乙类,disease,596,1,https://www.chinacdc.cn/jksj/jksj01/202510/t20251011_312919.html
2025-09-01,2025-09-30,2025-09,2025-10-11,戊型肝炎,乙类,disease,2798,0,https://www.chinacdc.cn/jksj/jksj01/202510/t20251011_312919.html
2025-09-01,2025-09-30,2025-09,2025-10-11,细菌性和阿米巴性痢疾,乙类,disease,3064,0,https://www.chinacdc.cn/jksj/jksj01/202510/t20251011_312919.html
2025-09-01,2025-09-30,2025-09,2025-10-11,新生儿破伤风,乙类,disease,0,0,https://www.chinacdc.cn/jksj/jksj01/202510/t20251011_312919.html
2025-09-01,2025-09-30,2025-09,2025-10-11,新型冠状病毒感染,乙类,disease,66915,4,https://www.chinacdc.cn/jksj/jksj01/202510/t20251011_312919.html
2025-09-01,2025-09-30,2025-09,2025-10-11,猩红热,乙类,disease,1925,0,https://www.chinacdc.cn/jksj/jksj01/202510/t20251011_312919.html
2025-09-01,2025-09-30,2025-09,2025-10-11,血吸虫病,乙类,disease,4,0,https://www.chinacdc.cn/jksj/jksj01/202510/t20251011_312919.html
2025-09-01,2025-09-30,2025-09,2025-10-11,乙型肝炎,乙类,disease,105931,41,https://www.chinacdc.cn/jksj/jksj01/202510/t20251011_312919.html
2025-10-01,2025-10-31,2025-10,2025-11-06,艾滋病,乙类,disease,3749,1532,https://www.chinacdc.cn/jksj/jksj01/202511/t20251106_313323.html
2025-10-01,2025-10-31,2025-10,2025-11-06,白喉,乙类,disease,0,0,https://www.chinacdc.cn/jksj/jksj01/202511/t20251106_313323.html
2025-10-01,2025-10-31,2025-10,2025-11-06,百日咳,乙类,disease,893,0,https://www.chinacdc.cn/jksj/jksj01/202511/t20251106_313323.html
2025-10-01,2025-10-31,2025-10,2025-11-06,包虫病,丙类,disease,242,0,https://www.chinacdc.cn/jksj/jksj01/202511/t20251106_313323.html
2025-10-01,2025-10-31,2025-10,2025-11-06,丙类传染病合计,丙类,summary,927859,0,https://www.chinacdc.cn/jksj/jksj01/202511/t20251106_313323.html
2025-10-01,2025-10-31,2025-10,2025-11-06,丙型肝炎,乙类,disease,13170,205,https://www.chinacdc.cn/jksj/jksj01/202511/t20251106_313323.html
2025-10-01,2025-10-31,2025-10,2025-11-06,病毒性肝炎,乙类,group,116746,247,https://www.chinacdc.cn/jksj/jksj01/202511/t20251106_313323.html
2025-10-01,2025-10-31,2025-10,2025-11-06,布鲁氏菌病,乙类,disease,3298,0,https://www.chinacdc.cn/jksj/jksj01/202511/t20251106_313323.html
2025-10-01,2025-10-31,2025-10,2025-11-06,传染性非典型肺炎,乙类,disease,0,0,https://www.chinacdc.cn/jksj/jksj01/202511/t20251106_313323.html
2025-10-01,2025-10-31,2025-10,2025-11-06,登革热,乙类,disease,3727,0,https://www.chinacdc.cn/jksj/jksj01/202511/t20251106_313323.html
2025-10-01,2025-10-31,2025-10,2025-11-06,丁型肝炎,乙类,disease,16,0,https://www.chinacdc.cn/jksj/jksj01/202511/t20251106_313323.html
2025-10-01,2025-10-31,2025-10,2025-11-06,肺结核,乙类,disease,50265,240,https://www.chinacdc.cn/jksj/jksj01/202511/t20251106_313323.html
2025-10-01,2025-10-31,2025-10,2025-11-06,风疹,丙类,disease,53,0,https://www.chinacdc.cn/jksj/jksj01/202511/t20251106_313323.html
2025-10-01,2025-10-31,2025-10,2025-11-06,钩端螺旋体病,乙类,disease,169,0,https://www.chinacdc.cn/jksj/jksj01/202511/t20251106_313323.html
2025-10-01,2025-10-31,2025-10,2025-11-06,黑热病,丙类,disease,25,0,https://www.chinacdc.cn/jksj/jksj01/202511/t20251106_313323.html
2025-10-01,2025-10-31,2025-10,2025-11-06,猴痘,乙类,disease,71,0,https://www.chinacdc.cn/jksj/jksj01/202511/t20251106_313323.html
2025-10-01,2025-10-31,2025-10,2025-11-06,霍乱,甲类,disease,3,0,https://www.chinacdc.cn/jksj/jksj01/202511/t20251106_313323.html
2025-10-01,2025-10-31,2025-10,2025-11-06,急性出血性结膜炎,丙类,disease,1790,0,https://www.chinacdc.cn/jksj/jksj01/202511/t20251106_313323.html
2025-10-01,2025-10-31,2025-10,2025-11-06,脊髓灰质炎,乙类,disease,0,0,https://www.chinacdc.cn/jksj/jksj01/202511/t20251106_313323.html
2025-10-01,2025-10-31,2025-10,2025-11-06,甲型肝炎,乙类,disease,1036,0,https://www.chinacdc.cn/jksj/jksj01/202511/t20251106_313323.html
2025-10-01,2025-10-31,2025-10,2025-11-06,甲乙丙类传染病总计,甲乙丙类,summary,1191646,2054,https://www.chinacdc.cn/jksj/jksj01/202511/t20251106_313323.html
2025-10-01,2025-10-31,2025-10,2025-11-06,甲乙类传染病合计,甲乙类,summary,263787,2054,https://www.chinacdc.cn/jksj/jksj01/202511/t20251106_313323.html
2025-10-01,2025-10-31,2025-10,2025-11-06,狂犬病,乙类,disease,22,22,https://www.chinacdc.cn/jksj/jksj01/202511/t20251106_313323.html
2025-10-01,2025-10-31,2025-10,2025-11-06,淋病,乙类,disease,10003,1,https://www.chinacdc.cn/jksj/jksj01/202511/t20251106_313323.html
2025-10-01,2025-10-31,2025-10,2025-11-06,流行性出血热,乙类,disease,233,0,https://www.chinacdc.cn/jksj/jksj01/202511/t20251106_313323.html
2025-10-01,2025-10-31,2025-10,2025-11-06,流行性感冒,丙类,disease,427083,0,https://www.chinacdc.cn/jksj/jksj01/202511/t20251106_313323.html
2025-10-01,2025-10-31,2025-10,2025-11-06,流行性和地方性斑疹伤寒,丙类,disease,165,0,https://www.chinacdc.cn/jksj/jksj01/202511/t20251106_313323.html
2025-10-01,2025-10-31,2025-10,2025-11-06,流行性脑脊髓膜炎,乙类,disease,9,0,https://www.chinacdc.cn/jksj/jksj01/202511/t20251106_313323.html
2025-10-01,2025-10-31,2025-10,2025-11-06,流行性腮腺炎,丙类,disease,7093,0,https://www.chinacdc.cn/jksj/jksj01/202511/t20251106_313323.html
2025-10-01,2025-10-31,2025-10,2025-11-06,流行性乙型脑炎,乙类,disease,21,1,https://www.chinacdc.cn/jksj/jksj01/202511/t20251106_313323.html
2025-10-01,2025-10-31,2025-10,2025-11-06,麻风病,丙类,disease,14,0,https://www.chinacdc.cn/jksj/jksj01/202511/t20251106_313323.html
2025-10-01,2025-10-31,2025-10,2025-11-06,麻疹,乙类,disease,65,0,https://www.chinacdc.cn/jksj/jksj01/202511/t20251106_313323.html
2025-10-01,2025-10-31,2025-10,2025-11-06,梅毒,乙类,disease,50354,7,https://www.chinacdc.cn/jksj/jksj01/202511/t20251106_313323.html
2025-10-01,2025-10-31,2025-10,2025-11-06,疟疾,乙类,disease,331,1,https://www.chinacdc.cn/jksj/jksj01/202511/t20251106_313323.html
2025-10-01,2025-10-31,2025-10,2025-11-06,其他感染性腹泻病,丙类,disease,112656,0,https://www.chinacdc.cn/jksj/jksj01/202511/t20251106_313323.html
2025-10-01,2025-10-31,2025-10,2025-11-06,人感染新亚型流感,乙类,disease,5,0,https://www.chinacdc.cn/jksj/jksj01/202511/t20251106_313323.html
2025-10-01,2025-10-31,2025-10,2025-11-06,伤寒和副伤寒,乙类,disease,511,0,https://www.chinacdc.cn/jksj/jksj01/202511/t20251106_313323.html
2025-10-01,2025-10-31,2025-10,2025-11-06,手足口病,丙类,disease,378738,0,https://www.chinacdc.cn/jksj/jksj01/202511/t20251106_313323.html
2025-10-01,2025-10-31,2025-10,2025-11-06,鼠疫,甲类,disease,0,0,https://www.chinacdc.cn/jksj/jksj01/202511/t20251106_313323.html
2025-10-01,2025-10-31,2025-10,2025-11-06,丝虫病,丙类,disease,0,0,https://www.chinacdc.cn/jksj/jksj01/202511/t20251106_313323.html
2025-10-01,2025-10-31,2025-10,2025-11-06,炭疽,乙类,disease,34,0,https://www.chinacdc.cn/jksj/jksj01/202511/t20251106_313323.html
2025-10-01,2025-10-31,2025-10,2025-11-06,未分型肝炎,乙类,disease,546,0,https://www.chinacdc.cn/jksj/jksj01/202511/t20251106_313323.html
2025-10-01,2025-10-31,2025-10,2025-11-06,戊型肝炎,乙类,disease,2333,0,https://www.chinacdc.cn/jksj/jksj01/202511/t20251106_313323.html
2025-10-01,2025-10-31,2025-10,2025-11-06,细菌性和阿米巴性痢疾,乙类,disease,2501,0,https://www.chinacdc.cn/jksj/jksj01/202511/t20251106_313323.html
2025-10-01,2025-10-31,2025-10,2025-11-06,新生儿破伤风,乙类,disease,0,0,https://www.chinacdc.cn/jksj/jksj01/202511/t20251106_313323.html
2025-10-01,2025-10-31,2025-10,2025-11-06,新型冠状病毒感染,乙类,disease,18704,3,https://www.chinacdc.cn/jksj/jksj01/202511/t20251106_313323.html
2025-10-01,2025-10-31,2025-10,2025-11-06,猩红热,乙类,disease,2073,0,https://www.chinacdc.cn/jksj/jksj01/202511/t20251106_313323.html
2025-10-01,2025-10-31,2025-10,2025-11-06,血吸虫病,乙类,disease,0,0,https://www.chinacdc.cn/jksj/jksj01/202511/t20251106_313323.html
2025-10-01,2025-10-31,2025-10,2025-11-06,乙型肝炎,乙类,disease,99645,42,https://www.chinacdc.cn/jksj/jksj01/202511/t20251106_313323.html
2025-11-01,2025-11-30,2025-11,2025-12-05,艾滋病,乙类,disease,3816,1590,https://www.chinacdc.cn/jksj/jksj01/202512/t20251205_314013.html
2025-11-01,2025-11-30,2025-11,2025-12-05,白喉,乙类,disease,0,0,https://www.chinacdc.cn/jksj/jksj01/202512/t20251205_314013.html
2025-11-01,2025-11-30,2025-11,2025-12-05,百日咳,乙类,disease,1246,0,https://www.chinacdc.cn/jksj/jksj01/202512/t20251205_314013.html
2025-11-01,2025-11-30,2025-11,2025-12-05,包虫病,丙类,disease,315,1,https://www.chinacdc.cn/jksj/jksj01/202512/t20251205_314013.html
2025-11-01,2025-11-30,2025-11,2025-12-05,丙类传染病合计,丙类,summary,5142613,6,https://www.chinacdc.cn/jksj/jksj01/202512/t20251205_314013.html
2025-11-01,2025-11-30,2025-11,2025-12-05,丙型肝炎,乙类,disease,13572,256,https://www.chinacdc.cn/jksj/jksj01/202512/t20251205_314013.html
2025-11-01,2025-11-30,2025-11,2025-12-05,病毒性肝炎,乙类,group,119225,299,https://www.chinacdc.cn/jksj/jksj01/202512/t20251205_314013.html
2025-11-01,2025-11-30,2025-11,2025-12-05,布鲁氏菌病,乙类,disease,3149,0,https://www.chinacdc.cn/jksj/jksj01/202512/t20251205_314013.html
2025-11-01,2025-11-30,2025-11,2025-12-05,传染性非典型肺炎,乙类,disease,0,0,https://www.chinacdc.cn/jksj/jksj01/202512/t20251205_314013.html
2025-11-01,2025-11-30,2025-11,2025-12-05,登革热,乙类,disease,849,0,https://www.chinacdc.cn/jksj/jksj01/202512/t20251205_314013.html
2025-11-01,2025-11-30,2025-11,2025-12-05,丁型肝炎,乙类,disease,30,0,https://www.chinacdc.cn/jksj/jksj01/202512/t20251205_314013.html
2025-11-01,2025-11-30,2025-11,2025-12-05,肺结核,乙类,disease,48885,234,https://www.chinacdc.cn/jksj/jksj01/202512/t20251205_314013.html
2025-11-01,2025-11-30,2025-11,2025-12-05,风疹,丙类,disease,48,0,https://www.chinacdc.cn/jksj/jksj01/202512/t20251205_314013.html
2025-11-01,2025-11-30,2025-11,2025-12-05,钩端螺旋体病,乙类,disease,38,0,https://www.chinacdc.cn/jksj/jksj01/202512/t20251205_314013.html
2025-11-01,2025-11-30,2025-11,2025-12-05,黑热病,丙类,disease,32,0,https://www.chinacdc.cn/jksj/jksj01/202512/t20251205_314013.html
2025-11-01,2025-11-30,2025-11,2025-12-05,猴痘,乙类,disease,65,0,https://www.chinacdc.cn/jksj/jksj01/202512/t20251205_314013.html
2025-11-01,2025-11-30,2025-11,2025-12-05,霍乱,甲类,disease,1,0,https://www.chinacdc.cn/jksj/jksj01/202512/t20251205_314013.html
2025-11-01,2025-11-30,2025-11,2025-12-05,急性出血性结膜炎,丙类,disease,1765,0,https://www.chinacdc.cn/jksj/jksj01/202512/t20251205_314013.html
2025-11-01,2025-11-30,2025-11,2025-12-05,脊髓灰质炎,乙类,disease,0,0,https://www.chinacdc.cn/jksj/jksj01/202512/t20251205_314013.html
2025-11-01,2025-11-30,2025-11,2025-12-05,甲型肝炎,乙类,disease,1062,0,https://www.chinacdc.cn/jksj/jksj01/202512/t20251205_314013.html
2025-11-01,2025-11-30,2025-11,2025-12-05,甲乙丙类传染病总计,甲乙丙类,summary,5399589,2160,https://www.chinacdc.cn/jksj/jksj01/202512/t20251205_314013.html
2025-11-01,2025-11-30,2025-11,2025-12-05,甲乙类传染病合计,甲乙类,summary,256976,2154,https://www.chinacdc.cn/jksj/jksj01/202512/t20251205_314013.html
2025-11-01,2025-11-30,2025-11,2025-12-05,狂犬病,乙类,disease,25,18,https://www.chinacdc.cn/jksj/jksj01/202512/t20251205_314013.html
2025-11-01,2025-11-30,2025-11,2025-12-05,淋病,乙类,disease,9639,0,https://www.chinacdc.cn/jksj/jksj01/202512/t20251205_314013.html
2025-11-01,2025-11-30,2025-11,2025-12-05,流行性出血热,乙类,disease,540,5,https://www.chinacdc.cn/jksj/jksj01/202512/t20251205_314013.html
2025-11-01,2025-11-30,2025-11,2025-12-05,流行性感冒,丙类,disease,4778856,4,https://www.chinacdc.cn/jksj/jksj01/202512/t20251205_314013.html
2025-11-01,2025-11-30,2025-11,2025-12-05,流行性和地方性斑疹伤寒,丙类,disease,154,0,https://www.chinacdc.cn/jksj/jksj01/202512/t20251205_314013.html
2025-11-01,2025-11-30,2025-11,2025-12-05,流行性脑脊髓膜炎,乙类,disease,15,0,https://www.chinacdc.cn/jksj/jksj01/202512/t20251205_314013.html
2025-11-01,2025-11-30,2025-11,2025-12-05,流行性腮腺炎,丙类,disease,6700,0,https://www.chinacdc.cn/jksj/jksj01/202512/t20251205_314013.html
2025-11-01,2025-11-30,2025-11,2025-12-05,流行性乙型脑炎,乙类,disease,5,1,https://www.chinacdc.cn/jksj/jksj01/202512/t20251205_314013.html
2025-11-01,2025-11-30,2025-11,2025-12-05,麻风病,丙类,disease,12,0,https://www.chinacdc.cn/jksj/jksj01/202512/t20251205_314013.html
2025-11-01,2025-11-30,2025-11,2025-12-05,麻疹,乙类,disease,75,0,https://www.chinacdc.cn/jksj/jksj01/202512/t20251205_314013.html
2025-11-01,2025-11-30,2025-11,2025-12-05,梅毒,乙类,disease,50385,5,https://www.chinacdc.cn/jksj/jksj01/202512/t20251205_314013.html
2025-11-01,2025-11-30,2025-11,2025-12-05,疟疾,乙类,disease,312,0,https://www.chinacdc.cn/jksj/jksj01/202512/t20251205_314013.html
2025-11-01,2025-11-30,2025-11,2025-12-05,其他感染性腹泻病,丙类,disease,85394,0,https://www.chinacdc.cn/jksj/jksj01/202512/t20251205_314013.html
2025-11-01,2025-11-30,2025-11,2025-12-05,人感染新亚型流感,乙类,disease,4,0,https://www.chinacdc.cn/jksj/jksj01/202512/t20251205_314013.html
2025-11-01,2025-11-30,2025-11,2025-12-05,伤寒和副伤寒,乙类,disease,390,0,https://www.chinacdc.cn/jksj/jksj01/202512/t20251205_314013.html
2025-11-01,2025-11-30,2025-11,2025-12-05,手足口病,丙类,disease,269337,1,https://www.chinacdc.cn/jksj/jksj01/202512/t20251205_314013.html
2025-11-01,2025-11-30,2025-11,2025-12-05,鼠疫,甲类,disease,0,0,https://www.chinacdc.cn/jksj/jksj01/202512/t20251205_314013.html
2025-11-01,2025-11-30,2025-11,2025-12-05,丝虫病,丙类,disease,0,0,https://www.chinacdc.cn/jksj/jksj01/202512/t20251205_314013.html
2025-11-01,2025-11-30,2025-11,2025-12-05,炭疽,乙类,disease,30,0,https://www.chinacdc.cn/jksj/jksj01/202512/t20251205_314013.html
2025-11-01,2025-11-30,2025-11,2025-12-05,未分型肝炎,乙类,disease,559,1,https://www.chinacdc.cn/jksj/jksj01/202512/t20251205_314013.html
2025-11-01,2025-11-30,2025-11,2025-12-05,戊型肝炎,乙类,disease,2287,0,https://www.chinacdc.cn/jksj/jksj01/202512/t20251205_314013.html
2025-11-01,2025-11-30,2025-11,2025-12-05,细菌性和阿米巴性痢疾,乙类,disease,1683,1,https://www.chinacdc.cn/jksj/jksj01/202512/t20251205_314013.html
2025-11-01,2025-11-30,2025-11,2025-12-05,新生儿破伤风,乙类,disease,1,0,https://www.chinacdc.cn/jksj/jksj01/202512/t20251205_314013.html
2025-11-01,2025-11-30,2025-11,2025-12-05,新型冠状病毒感染,乙类,disease,13959,1,https://www.chinacdc.cn/jksj/jksj01/202512/t20251205_314013.html
2025-11-01,2025-11-30,2025-11,2025-12-05,猩红热,乙类,disease,2638,0,https://www.chinacdc.cn/jksj/jksj01/202512/t20251205_314013.html
2025-11-01,2025-11-30,2025-11,2025-12-05,血吸虫病,乙类,disease,1,0,https://www.chinacdc.cn/jksj/jksj01/202512/t20251205_314013.html
2025-11-01,2025-11-30,2025-11,2025-12-05,乙型肝炎,乙类,disease,101715,42,https://www.chinacdc.cn/jksj/jksj01/202512/t20251205_314013.html
2025-12-01,2025-12-31,2025-12,2026-01-09,艾滋病,乙类,disease,4560,2027,https://www.chinacdc.cn/jksj/jksj01/202601/t20260109_314557.html
2025-12-01,2025-12-31,2025-12,2026-01-09,白喉,乙类,disease,0,0,https://www.chinacdc.cn/jksj/jksj01/202601/t20260109_314557.html
2025-12-01,2025-12-31,2025-12,2026-01-09,百日咳,乙类,disease,1313,0,https://www.chinacdc.cn/jksj/jksj01/202601/t20260109_314557.html
2025-12-01,2025-12-31,2025-12,2026-01-09,包虫病,丙类,disease,373,0,https://www.chinacdc.cn/jksj/jksj01/202601/t20260109_314557.html
2025-12-01,2025-12-31,2025-12,2026-01-09,丙类传染病合计,丙类,summary,6961521,14,https://www.chinacdc.cn/jksj/jksj01/202601/t20260109_314557.html
2025-12-01,2025-12-31,2025-12,2026-01-09,丙型肝炎,乙类,disease,14159,545,https://www.chinacdc.cn/jksj/jksj01/202601/t20260109_314557.html
2025-12-01,2025-12-31,2025-12,2026-01-09,病毒性肝炎,乙类,group,128222,585,https://www.chinacdc.cn/jksj/jksj01/202601/t20260109_314557.html
2025-12-01,2025-12-31,2025-12,2026-01-09,布鲁氏菌病,乙类,disease,3420,0,https://www.chinacdc.cn/jksj/jksj01/202601/t20260109_314557.html
2025-12-01,2025-12-31,2025-12,2026-01-09,传染性非典型肺炎,乙类,disease,0,0,https://www.chinacdc.cn/jksj/jksj01/202601/t20260109_314557.html
2025-12-01,2025-12-31,2025-12,2026-01-09,登革热,乙类,disease,151,0,https://www.chinacdc.cn/jksj/jksj01/202601/t20260109_314557.html
2025-12-01,2025-12-31,2025-12,2026-01-09,丁型肝炎,乙类,disease,33,0,https://www.chinacdc.cn/jksj/jksj01/202601/t20260109_314557.html
2025-12-01,2025-12-31,2025-12,2026-01-09,肺结核,乙类,disease,52826,228,https://www.chinacdc.cn/jksj/jksj01/202601/t20260109_314557.html
2025-12-01,2025-12-31,2025-12,2026-01-09,风疹,丙类,disease,38,0,https://www.chinacdc.cn/jksj/jksj01/202601/t20260109_314557.html
2025-12-01,2025-12-31,2025-12,2026-01-09,钩端螺旋体病,乙类,disease,20,0,https://www.chinacdc.cn/jksj/jksj01/202601/t20260109_314557.html
2025-12-01,2025-12-31,2025-12,2026-01-09,黑热病,丙类,disease,31,0,https://www.chinacdc.cn/jksj/jksj01/202601/t20260109_314557.html
2025-12-01,2025-12-31,2025-12,2026-01-09,猴痘,乙类,disease,43,0,https://www.chinacdc.cn/jksj/jksj01/202601/t20260109_314557.html
2025-12-01,2025-12-31,2025-12,2026-01-09,霍乱,甲类,disease,0,0,https://www.chinacdc.cn/jksj/jksj01/202601/t20260109_314557.html
2025-12-01,2025-12-31,2025-12,2026-01-09,急性出血性结膜炎,丙类,disease,1560,0,https://www.chinacdc.cn/jksj/jksj01/202601/t20260109_314557.html
2025-12-01,2025-12-31,2025-12,2026-01-09,脊髓灰质炎,乙类,disease,0,0,https://www.chinacdc.cn/jksj/jksj01/202601/t20260109_314557.html
2025-12-01,2025-12-31,2025-12,2026-01-09,甲型肝炎,乙类,disease,1204,0,https://www.chinacdc.cn/jksj/jksj01/202601/t20260109_314557.html
2025-12-01,2025-12-31,2025-12,2026-01-09,甲乙丙类传染病总计,甲乙丙类,summary,7236052,2896,https://www.chinacdc.cn/jksj/jksj01/202601/t20260109_314557.html
2025-12-01,2025-12-31,2025-12,2026-01-09,甲乙类传染病合计,甲乙类,summary,274531,2882,https://www.chinacdc.cn/jksj/jksj01/202601/t20260109_314557.html
2025-12-01,2025-12-31,2025-12,2026-01-09,狂犬病,乙类,disease,28,30,https://www.chinacdc.cn/jksj/jksj01/202601/t20260109_314557.html
2025-12-01,2025-12-31,2025-12,2026-01-09,淋病,乙类,disease,10547,0,https://www.chinacdc.cn/jksj/jksj01/202601/t20260109_314557.html
2025-12-01,2025-12-31,2025-12,2026-01-09,流行性出血热,乙类,disease,617,6,https://www.chinacdc.cn/jksj/jksj01/202601/t20260109_314557.html
2025-12-01,2025-12-31,2025-12,2026-01-09,流行性感冒,丙类,disease,6727614,14,https://www.chinacdc.cn/jksj/jksj01/202601/t20260109_314557.html
2025-12-01,2025-12-31,2025-12,2026-01-09,流行性和地方性斑疹伤寒,丙类,disease,65,0,https://www.chinacdc.cn/jksj/jksj01/202601/t20260109_314557.html
2025-12-01,2025-12-31,2025-12,2026-01-09,流行性脑脊髓膜炎,乙类,disease,29,0,https://www.chinacdc.cn/jksj/jksj01/202601/t20260109_314557.html
2025-12-01,2025-12-31,2025-12,2026-01-09,流行性腮腺炎,丙类,disease,6471,0,https://www.chinacdc.cn/jksj/jksj01/202601/t20260109_314557.html
2025-12-01,2025-12-31,2025-12,2026-01-09,流行性乙型脑炎,乙类,disease,1,0,https://www.chinacdc.cn/jksj/jksj01/202601/t20260109_314557.html
2025-12-01,2025-12-31,2025-12,2026-01-09,麻风病,丙类,disease,15,0,https://www.chinacdc.cn/jksj/jksj01/202601/t20260109_314557.html
2025-12-01,2025-12-31,2025-12,2026-01-09,麻疹,乙类,disease,90,0,https://www.chinacdc.cn/jksj/jksj01/202601/t20260109_314557.html
2025-12-01,2025-12-31,2025-12,2026-01-09,梅毒,乙类,disease,52197,3,https://www.chinacdc.cn/jksj/jksj01/202601/t20260109_314557.html
2025-12-01,2025-12-31,2025-12,2026-01-09,疟疾,乙类,disease,393,2,https://www.chinacdc.cn/jksj/jksj01/202601/t20260109_314557.html
2025-12-01,2025-12-31,2025-12,2026-01-09,其他感染性腹泻病,丙类,disease,118529,0,https://www.chinacdc.cn/jksj/jksj01/202601/t20260109_314557.html
2025-12-01,2025-12-31,2025-12,2026-01-09,人感染新亚型流感,乙类,disease,3,0,https://www.chinacdc.cn/jksj/jksj01/202601/t20260109_314557.html
2025-12-01,2025-12-31,2025-12,2026-01-09,伤寒和副伤寒,乙类,disease,349,0,https://www.chinacdc.cn/jksj/jksj01/202601/t20260109_314557.html
2025-12-01,2025-12-31,2025-12,2026-01-09,手足口病,丙类,disease,106825,0,https://www.chinacdc.cn/jksj/jksj01/202601/t20260109_314557.html
2025-12-01,2025-12-31,2025-12,2026-01-09,鼠疫,甲类,disease,0,0,https://www.chinacdc.cn/jksj/jksj01/202601/t20260109_314557.html
2025-12-01,2025-12-31,2025-12,2026-01-09,丝虫病,丙类,disease,0,0,https://www.chinacdc.cn/jksj/jksj01/202601/t20260109_314557.html
2025-12-01,2025-12-31,2025-12,2026-01-09,炭疽,乙类,disease,23,0,https://www.chinacdc.cn/jksj/jksj01/202601/t20260109_314557.html
2025-12-01,2025-12-31,2025-12,2026-01-09,未分型肝炎,乙类,disease,703,0,https://www.chinacdc.cn/jksj/jksj01/202601/t20260109_314557.html
2025-12-01,2025-12-31,2025-12,2026-01-09,戊型肝炎,乙类,disease,2543,1,https://www.chinacdc.cn/jksj/jksj01/202601/t20260109_314557.html
2025-12-01,2025-12-31,2025-12,2026-01-09,细菌性和阿米巴性痢疾,乙类,disease,1509,0,https://www.chinacdc.cn/jksj/jksj01/202601/t20260109_314557.html
2025-12-01,2025-12-31,2025-12,2026-01-09,新生儿破伤风,乙类,disease,0,0,https://www.chinacdc.cn/jksj/jksj01/202601/t20260109_314557.html
2025-12-01,2025-12-31,2025-12,2026-01-09,新型冠状病毒感染,乙类,disease,15129,1,https://www.chinacdc.cn/jksj/jksj01/202601/t20260109_314557.html
2025-12-01,2025-12-31,2025-12,2026-01-09,猩红热,乙类,disease,3058,0,https://www.chinacdc.cn/jksj/jksj01/202601/t20260109_314557.html
2025-12-01,2025-12-31,2025-12,2026-01-09,血吸虫病,乙类,disease,3,0,https://www.chinacdc.cn/jksj/jksj01/202601/t20260109_314557.html
2025-12-01,2025-12-31,2025-12,2026-01-09,乙型肝炎,乙类,disease,109580,39,https://www.chinacdc.cn/jksj/jksj01/202601/t20260109_314557.html
2026-01-01,2026-01-31,2026-01,2026-02-10,埃博拉出血热,重点监测,disease,0,0,https://www.chinacdc.cn/jksj/jksj01/202602/t20260210_315027.html
2026-01-01,2026-01-31,2026-01,2026-02-10,艾滋病,乙类,disease,2805,1649,https://www.chinacdc.cn/jksj/jksj01/202602/t20260210_315027.html
2026-01-01,2026-01-31,2026-01,2026-02-10,白喉,乙类,disease,0,0,https://www.chinacdc.cn/jksj/jksj01/202602/t20260210_315027.html
2026-01-01,2026-01-31,2026-01,2026-02-10,百日咳,乙类,disease,971,0,https://www.chinacdc.cn/jksj/jksj01/202602/t20260210_315027.html
2026-01-01,2026-01-31,2026-01,2026-02-10,包虫病,丙类,disease,451,0,https://www.chinacdc.cn/jksj/jksj01/202602/t20260210_315027.html
2026-01-01,2026-01-31,2026-01,2026-02-10,丙类传染病合计,丙类,summary,1620673,3,https://www.chinacdc.cn/jksj/jksj01/202602/t20260210_315027.html
2026-01-01,2026-01-31,2026-01,2026-02-10,丙型肝炎,乙类,disease,14084,31,https://www.chinacdc.cn/jksj/jksj01/202602/t20260210_315027.html
2026-01-01,2026-01-31,2026-01,2026-02-10,病毒性肝炎,乙类,group,127961,70,https://www.chinacdc.cn/jksj/jksj01/202602/t20260210_315027.html
2026-01-01,2026-01-31,2026-01,2026-02-10,布鲁氏菌病,乙类,disease,3766,0,https://www.chinacdc.cn/jksj/jksj01/202602/t20260210_315027.html
2026-01-01,2026-01-31,2026-01,2026-02-10,传染性非典型肺炎,乙类,disease,0,0,https://www.chinacdc.cn/jksj/jksj01/202602/t20260210_315027.html
2026-01-01,2026-01-31,2026-01,2026-02-10,登革热,乙类,disease,93,0,https://www.chinacdc.cn/jksj/jksj01/202602/t20260210_315027.html
2026-01-01,2026-01-31,2026-01,2026-02-10,丁型肝炎,乙类,disease,25,0,https://www.chinacdc.cn/jksj/jksj01/202602/t20260210_315027.html
2026-01-01,2026-01-31,2026-01,2026-02-10,发热伴血小板减少综合征,重点监测,disease,1,0,https://www.chinacdc.cn/jksj/jksj01/202602/t20260210_315027.html
2026-01-01,2026-01-31,2026-01,2026-02-10,肺结核,乙类,disease,52889,164,https://www.chinacdc.cn/jksj/jksj01/202602/t20260210_315027.html
2026-01-01,2026-01-31,2026-01,2026-02-10,风疹,丙类,disease,30,0,https://www.chinacdc.cn/jksj/jksj01/202602/t20260210_315027.html
2026-01-01,2026-01-31,2026-01,2026-02-10,肝吸虫病,重点监测,disease,9408,0,https://www.chinacdc.cn/jksj/jksj01/202602/t20260210_315027.html
2026-01-01,2026-01-31,2026-01,2026-02-10,钩端螺旋体病,乙类,disease,11,1,https://www.chinacdc.cn/jksj/jksj01/202602/t20260210_315027.html
2026-01-01,2026-01-31,2026-01,2026-02-10,黑热病,丙类,disease,39,0,https://www.chinacdc.cn/jksj/jksj01/202602/t20260210_315027.html
2026-01-01,2026-01-31,2026-01,2026-02-10,猴痘,乙类,disease,28,0,https://www.chinacdc.cn/jksj/jksj01/202602/t20260210_315027.html
2026-01-01,2026-01-31,2026-01,2026-02-10,霍乱,甲类,disease,0,0,https://www.chinacdc.cn/jksj/jksj01/202602/t20260210_315027.html
2026-01-01,2026-01-31,2026-01,2026-02-10,基孔肯雅热,重点监测,disease,4,0,https://www.chinacdc.cn/jksj/jksj01/202602/t20260210_315027.html
2026-01-01,2026-01-31,2026-01,2026-02-10,急性出血性结膜炎,丙类,disease,1634,0,https://www.chinacdc.cn/jksj/jksj01/202602/t20260210_315027.html
2026-01-01,2026-01-31,2026-01,2026-02-10,脊髓灰质炎,乙类,disease,0,0,https://www.chinacdc.cn/jksj/jksj01/202602/t20260210_315027.html
2026-01-01,2026-01-31,2026-01,2026-02-10,甲型肝炎,乙类,disease,1167,0,https://www.chinacdc.cn/jksj/jksj01/202602/t20260210_315027.html
2026-01-01,2026-01-31,2026-01,2026-02-10,甲乙丙类传染病总计,甲乙丙类,summary,1898294,1930,https://www.chinacdc.cn/jksj/jksj01/202602/t20260210_315027.html
2026-01-01,2026-01-31,2026-01,2026-02-10,甲乙类传染病合计,甲乙类,summary,277621,1927,https://www.chinacdc.cn/jksj/jksj01/202602/t20260210_315027.html
2026-01-01,2026-01-31,2026-01,2026-02-10,狂犬病,乙类,disease,31,33,https://www.chinacdc.cn/jksj/jksj01/202602/t20260210_315027.html
2026-01-01,2026-01-31,2026-01,2026-02-10,拉沙热,重点监测,disease,1,0,https://www.chinacdc.cn/jksj/jksj01/202602/t20260210_315027.html
2026-01-01,2026-01-31,2026-01,2026-02-10,淋病,乙类,disease,10415,0,https://www.chinacdc.cn/jksj/jksj01/202602/t20260210_315027.html
2026-01-01,2026-01-31,2026-01,2026-02-10,流行性出血热,乙类,disease,336,6,https://www.chinacdc.cn/jksj/jksj01/202602/t20260210_315027.html
2026-01-01,2026-01-31,2026-01,2026-02-10,流行性感冒,丙类,disease,1361570,3,https://www.chinacdc.cn/jksj/jksj01/202602/t20260210_315027.html
2026-01-01,2026-01-31,2026-01,2026-02-10,流行性和地方性斑疹伤寒,丙类,disease,51,0,https://www.chinacdc.cn/jksj/jksj01/202602/t20260210_315027.html
2026-01-01,2026-01-31,2026-01,2026-02-10,流行性脑脊髓膜炎,乙类,disease,23,2,https://www.chinacdc.cn/jksj/jksj01/202602/t20260210_315027.html
2026-01-01,2026-01-31,2026-01,2026-02-10,流行性腮腺炎,丙类,disease,4842,0,https://www.chinacdc.cn/jksj/jksj01/202602/t20260210_315027.html
2026-01-01,2026-01-31,2026-01,2026-02-10,流行性乙型脑炎,乙类,disease,0,1,https://www.chinacdc.cn/jksj/jksj01/202602/t20260210_315027.html
2026-01-01,2026-01-31,2026-01,2026-02-10,麻风病,丙类,disease,24,0,https://www.chinacdc.cn/jksj/jksj01/202602/t20260210_315027.html
2026-01-01,2026-01-31,2026-01,2026-02-10,麻疹,乙类,disease,138,0,https://www.chinacdc.cn/jksj/jksj01/202602/t20260210_315027.html
2026-01-01,2026-01-31,2026-01,2026-02-10,梅毒,乙类,disease,55170,0,https://www.chinacdc.cn/jksj/jksj01/202602/t20260210_315027.html
2026-01-01,2026-01-31,2026-01,2026-02-10,疟疾,乙类,disease,383,0,https://www.chinacdc.cn/jksj/jksj01/202602/t20260210_315027.html
2026-01-01,2026-01-31,2026-01,2026-02-10,其他感染性腹泻病,丙类,disease,185768,0,https://www.chinacdc.cn/jksj/jksj01/202602/t20260210_315027.html
2026-01-01,2026-01-31,2026-01,2026-02-10,人感染新亚型流感,乙类,disease,3,0,https://www.chinacdc.cn/jksj/jksj01/202602/t20260210_315027.html
2026-01-01,2026-01-31,2026-01,2026-02-10,人感染猪链球菌病,重点监测,disease,25,1,https://www.chinacdc.cn/jksj/jksj01/202602/t20260210_315027.html
2026-01-01,2026-01-31,2026-01,2026-02-10,伤寒和副伤寒,乙类,disease,252,0,https://www.chinacdc.cn/jksj/jksj01/202602/t20260210_315027.html
2026-01-01,2026-01-31,2026-01,2026-02-10,手足口病,丙类,disease,66264,0,https://www.chinacdc.cn/jksj/jksj01/202602/t20260210_315027.html
2026-01-01,2026-01-31,2026-01,2026-02-10,鼠疫,甲类,disease,0,0,https://www.chinacdc.cn/jksj/jksj01/202602/t20260210_315027.html
2026-01-01,2026-01-31,2026-01,2026-02-10,水痘,重点监测,disease,58927,1,https://www.chinacdc.cn/jksj/jksj01/202602/t20260210_315027.html
2026-01-01,2026-01-31,2026-01,2026-02-10,丝虫病,丙类,disease,0,0,https://www.chinacdc.cn/jksj/jksj01/202602/t20260210_315027.html
2026-01-01,2026-01-31,2026-01,2026-02-10,炭疽,乙类,disease,12,0,https://www.chinacdc.cn/jksj/jksj01/202602/t20260210_315027.html
2026-01-01,2026-01-31,2026-01,2026-02-10,未分型肝炎,乙类,disease,572,0,https://www.chinacdc.cn/jksj/jksj01/202602/t20260210_315027.html
2026-01-01,2026-01-31,2026-01,2026-02-10,戊型肝炎,乙类,disease,2865,2,https://www.chinacdc.cn/jksj/jksj01/202602/t20260210_315027.html
2026-01-01,2026-01-31,2026-01,2026-02-10,细菌性和阿米巴性痢疾,乙类,disease,1481,0,https://www.chinacdc.cn/jksj/jksj01/202602/t20260210_315027.html
2026-01-01,2026-01-31,2026-01,2026-02-10,新生儿破伤风,乙类,disease,1,0,https://www.chinacdc.cn/jksj/jksj01/202602/t20260210_315027.html
2026-01-01,2026-01-31,2026-01,2026-02-10,新型冠状病毒感染,乙类,disease,17916,1,https://www.chinacdc.cn/jksj/jksj01/202602/t20260210_315027.html
2026-01-01,2026-01-31,2026-01,2026-02-10,猩红热,乙类,disease,2935,0,https://www.chinacdc.cn/jksj/jksj01/202602/t20260210_315027.html
2026-01-01,2026-01-31,2026-01,2026-02-10,血吸虫病,乙类,disease,1,0,https://www.chinacdc.cn/jksj/jksj01/202602/t20260210_315027.html
2026-01-01,2026-01-31,2026-01,2026-02-10,乙型肝炎,乙类,disease,109248,37,https://www.chinacdc.cn/jksj/jksj01/202602/t20260210_315027.html
2026-01-01,2026-01-31,2026-01,2026-02-10,寨卡病毒病,重点监测,disease,0,0,https://www.chinacdc.cn/jksj/jksj01/202602/t20260210_315027.html
2026-01-01,2026-01-31,2026-01,2026-02-10,中东呼吸综合征（MERS）,重点监测,disease,0,0,https://www.chinacdc.cn/jksj/jksj01/202602/t20260210_315027.html
2026-01-01,2026-01-31,2026-01,2026-02-10,重点监测其他传染病合计,重点监测,summary,68366,2,https://www.chinacdc.cn/jksj/jksj01/202602/t20260210_315027.html
2026-02-01,2026-02-28,2026-02,2026-03-12,埃博拉出血热,重点监测,disease,0,0,https://www.chinacdc.cn/jksj/jksj01/202603/t20260312_315435.html
2026-02-01,2026-02-28,2026-02,2026-03-12,艾滋病,乙类,disease,2668,1165,https://www.chinacdc.cn/jksj/jksj01/202603/t20260312_315435.html
2026-02-01,2026-02-28,2026-02,2026-03-12,白喉,乙类,disease,0,0,https://www.chinacdc.cn/jksj/jksj01/202603/t20260312_315435.html
2026-02-01,2026-02-28,2026-02,2026-03-12,百日咳,乙类,disease,666,0,https://www.chinacdc.cn/jksj/jksj01/202603/t20260312_315435.html
2026-02-01,2026-02-28,2026-02,2026-03-12,包虫病,丙类,disease,264,0,https://www.chinacdc.cn/jksj/jksj01/202603/t20260312_315435.html
2026-02-01,2026-02-28,2026-02,2026-03-12,丙类传染病合计,丙类,summary,616384,2,https://www.chinacdc.cn/jksj/jksj01/202603/t20260312_315435.html
2026-02-01,2026-02-28,2026-02,2026-03-12,丙型肝炎,乙类,disease,10900,49,https://www.chinacdc.cn/jksj/jksj01/202603/t20260312_315435.html
2026-02-01,2026-02-28,2026-02,2026-03-12,病毒性肝炎,乙类,group,111021,88,https://www.chinacdc.cn/jksj/jksj01/202603/t20260312_315435.html
2026-02-01,2026-02-28,2026-02,2026-03-12,布鲁氏菌病,乙类,disease,3447,0,https://www.chinacdc.cn/jksj/jksj01/202603/t20260312_315435.html
2026-02-01,2026-02-28,2026-02,2026-03-12,传染性非典型肺炎,乙类,disease,0,0,https://www.chinacdc.cn/jksj/jksj01/202603/t20260312_315435.html
2026-02-01,2026-02-28,2026-02,2026-03-12,登革热,乙类,disease,94,0,https://www.chinacdc.cn/jksj/jksj01/202603/t20260312_315435.html
2026-02-01,2026-02-28,2026-02,2026-03-12,丁型肝炎,乙类,disease,24,0,https://www.chinacdc.cn/jksj/jksj01/202603/t20260312_315435.html
2026-02-01,2026-02-28,2026-02,2026-03-12,发热伴血小板减少综合征,重点监测,disease,1,1,https://www.chinacdc.cn/jksj/jksj01/202603/t20260312_315435.html
2026-02-01,2026-02-28,2026-02,2026-03-12,肺结核,乙类,disease,44105,111,https://www.chinacdc.cn/jksj/jksj01/202603/t20260312_315435.html
2026-02-01,2026-02-28,2026-02,2026-03-12,风疹,丙类,disease,32,0,https://www.chinacdc.cn/jksj/jksj01/202603/t20260312_315435.html
2026-02-01,2026-02-28,2026-02,2026-03-12,肝吸虫病,重点监测,disease,6270,0,https://www.chinacdc.cn/jksj/jksj01/202603/t20260312_315435.html
2026-02-01,2026-02-28,2026-02,2026-03-12,钩端螺旋体病,乙类,disease,2,0,https://www.chinacdc.cn/jksj/jksj01/202603/t20260312_315435.html
2026-02-01,2026-02-28,2026-02,2026-03-12,黑热病,丙类,disease,28,0,https://www.chinacdc.cn/jksj/jksj01/202603/t20260312_315435.html
2026-02-01,2026-02-28,2026-02,2026-03-12,猴痘,乙类,disease,27,0,https://www.chinacdc.cn/jksj/jksj01/202603/t20260312_315435.html
2026-02-01,2026-02-28,2026-02,2026-03-12,霍乱,甲类,disease,0,0,https://www.chinacdc.cn/jksj/jksj01/202603/t20260312_315435.html
2026-02-01,2026-02-28,2026-02,2026-03-12,基孔肯雅热,重点监测,disease,2,0,https://www.chinacdc.cn/jksj/jksj01/202603/t20260312_315435.html
2026-02-01,2026-02-28,2026-02,2026-03-12,急性出血性结膜炎,丙类,disease,1297,0,https://www.chinacdc.cn/jksj/jksj01/202603/t20260312_315435.html
2026-02-01,2026-02-28,2026-02,2026-03-12,脊髓灰质炎,乙类,disease,0,0,https://www.chinacdc.cn/jksj/jksj01/202603/t20260312_315435.html
2026-02-01,2026-02-28,2026-02,2026-03-12,甲型肝炎,乙类,disease,939,0,https://www.chinacdc.cn/jksj/jksj01/202603/t20260312_315435.html
2026-02-01,2026-02-28,2026-02,2026-03-12,甲乙丙类传染病总计,甲乙丙类,summary,852909,1384,https://www.chinacdc.cn/jksj/jksj01/202603/t20260312_315435.html
2026-02-01,2026-02-28,2026-02,2026-03-12,甲乙类传染病合计,甲乙类,summary,236525,1382,https://www.chinacdc.cn/jksj/jksj01/202603/t20260312_315435.html
2026-02-01,2026-02-28,2026-02,2026-03-12,狂犬病,乙类,disease,10,15,https://www.chinacdc.cn/jksj/jksj01/202603/t20260312_315435.html
2026-02-01,2026-02-28,2026-02,2026-03-12,拉沙热,重点监测,disease,0,0,https://www.chinacdc.cn/jksj/jksj01/202603/t20260312_315435.html
2026-02-01,2026-02-28,2026-02,2026-03-12,淋病,乙类,disease,7640,0,https://www.chinacdc.cn/jksj/jksj01/202603/t20260312_315435.html
2026-02-01,2026-02-28,2026-02,2026-03-12,流行性出血热,乙类,disease,180,0,https://www.chinacdc.cn/jksj/jksj01/202603/t20260312_315435.html
2026-02-01,2026-02-28,2026-02,2026-03-12,流行性感冒,丙类,disease,394141,1,https://www.chinacdc.cn/jksj/jksj01/202603/t20260312_315435.html
2026-02-01,2026-02-28,2026-02,2026-03-12,流行性和地方性斑疹伤寒,丙类,disease,40,0,https://www.chinacdc.cn/jksj/jksj01/202603/t20260312_315435.html
2026-02-01,2026-02-28,2026-02,2026-03-12,流行性脑脊髓膜炎,乙类,disease,13,0,https://www.chinacdc.cn/jksj/jksj01/202603/t20260312_315435.html
2026-02-01,2026-02-28,2026-02,2026-03-12,流行性腮腺炎,丙类,disease,3142,0,https://www.chinacdc.cn/jksj/jksj01/202603/t20260312_315435.html
2026-02-01,2026-02-28,2026-02,2026-03-12,流行性乙型脑炎,乙类,disease,0,0,https://www.chinacdc.cn/jksj/jksj01/202603/t20260312_315435.html
2026-02-01,2026-02-28,2026-02,2026-03-12,麻风病,丙类,disease,22,0,https://www.chinacdc.cn/jksj/jksj01/202603/t20260312_315435.html
2026-02-01,2026-02-28,2026-02,2026-03-12,麻疹,乙类,disease,131,0,https://www.chinacdc.cn/jksj/jksj01/202603/t20260312_315435.html
2026-02-01,2026-02-28,2026-02,2026-03-12,梅毒,乙类,disease,43817,2,https://www.chinacdc.cn/jksj/jksj01/202603/t20260312_315435.html
2026-02-01,2026-02-28,2026-02,2026-03-12,疟疾,乙类,disease,348,0,https://www.chinacdc.cn/jksj/jksj01/202603/t20260312_315435.html
2026-02-01,2026-02-28,2026-02,2026-03-12,其他感染性腹泻病,丙类,disease,194710,0,https://www.chinacdc.cn/jksj/jksj01/202603/t20260312_315435.html
2026-02-01,2026-02-28,2026-02,2026-03-12,人感染新亚型流感,乙类,disease,4,0,https://www.chinacdc.cn/jksj/jksj01/202603/t20260312_315435.html
2026-02-01,2026-02-28,2026-02,2026-03-12,人感染猪链球菌病,重点监测,disease,28,0,https://www.chinacdc.cn/jksj/jksj01/202603/t20260312_315435.html
2026-02-01,2026-02-28,2026-02,2026-03-12,伤寒和副伤寒,乙类,disease,183,0,https://www.chinacdc.cn/jksj/jksj01/202603/t20260312_315435.html
2026-02-01,2026-02-28,2026-02,2026-03-12,手足口病,丙类,disease,22708,1,https://www.chinacdc.cn/jksj/jksj01/202603/t20260312_315435.html
2026-02-01,2026-02-28,2026-02,2026-03-12,鼠疫,甲类,disease,0,0,https://www.chinacdc.cn/jksj/jksj01/202603/t20260312_315435.html
2026-02-01,2026-02-28,2026-02,2026-03-12,水痘,重点监测,disease,33256,0,https://www.chinacdc.cn/jksj/jksj01/202603/t20260312_315435.html
2026-02-01,2026-02-28,2026-02,2026-03-12,丝虫病,丙类,disease,0,0,https://www.chinacdc.cn/jksj/jksj01/202603/t20260312_315435.html
2026-02-01,2026-02-28,2026-02,2026-03-12,炭疽,乙类,disease,14,0,https://www.chinacdc.cn/jksj/jksj01/202603/t20260312_315435.html
2026-02-01,2026-02-28,2026-02,2026-03-12,未分型肝炎,乙类,disease,456,0,https://www.chinacdc.cn/jksj/jksj01/202603/t20260312_315435.html
2026-02-01,2026-02-28,2026-02,2026-03-12,戊型肝炎,乙类,disease,2392,0,https://www.chinacdc.cn/jksj/jksj01/202603/t20260312_315435.html
2026-02-01,2026-02-28,2026-02,2026-03-12,细菌性和阿米巴性痢疾,乙类,disease,1503,0,https://www.chinacdc.cn/jksj/jksj01/202603/t20260312_315435.html
2026-02-01,2026-02-28,2026-02,2026-03-12,新生儿破伤风,乙类,disease,0,0,https://www.chinacdc.cn/jksj/jksj01/202603/t20260312_315435.html
2026-02-01,2026-02-28,2026-02,2026-03-12,新型冠状病毒感染,乙类,disease,19453,1,https://www.chinacdc.cn/jksj/jksj01/202603/t20260312_315435.html
2026-02-01,2026-02-28,2026-02,2026-03-12,猩红热,乙类,disease,1197,0,https://www.chinacdc.cn/jksj/jksj01/202603/t20260312_315435.html
2026-02-01,2026-02-28,2026-02,2026-03-12,血吸虫病,乙类,disease,2,0,https://www.chinacdc.cn/jksj/jksj01/202603/t20260312_315435.html
2026-02-01,2026-02-28,2026-02,2026-03-12,乙型肝炎,乙类,disease,96310,39,https://www.chinacdc.cn/jksj/jksj01/202603/t20260312_315435.html
2026-02-01,2026-02-28,2026-02,2026-03-12,寨卡病毒病,重点监测,disease,2,0,https://www.chinacdc.cn/jksj/jksj01/202603/t20260312_315435.html
2026-02-01,2026-02-28,2026-02,2026-03-12,中东呼吸综合征（MERS）,重点监测,disease,0,0,https://www.chinacdc.cn/jksj/jksj01/202603/t20260312_315435.html
2026-02-01,2026-02-28,2026-02,2026-03-12,重点监测其他传染病合计,重点监测,summary,39559,1,https://www.chinacdc.cn/jksj/jksj01/202603/t20260312_315435.html
2026-03-01,2026-03-31,2026-03,2026-04-10,埃博拉出血热,重点监测,disease,0,0,https://www.chinacdc.cn/jksj/jksj01/202604/t20260410_1834909.html
2026-03-01,2026-03-31,2026-03,2026-04-10,艾滋病,乙类,disease,4821,1644,https://www.chinacdc.cn/jksj/jksj01/202604/t20260410_1834909.html
2026-03-01,2026-03-31,2026-03,2026-04-10,白喉,乙类,disease,0,0,https://www.chinacdc.cn/jksj/jksj01/202604/t20260410_1834909.html
2026-03-01,2026-03-31,2026-03,2026-04-10,百日咳,乙类,disease,636,0,https://www.chinacdc.cn/jksj/jksj01/202604/t20260410_1834909.html
2026-03-01,2026-03-31,2026-03,2026-04-10,包虫病,丙类,disease,411,2,https://www.chinacdc.cn/jksj/jksj01/202604/t20260410_1834909.html
2026-03-01,2026-03-31,2026-03,2026-04-10,丙类传染病合计,丙类,summary,740681,4,https://www.chinacdc.cn/jksj/jksj01/202604/t20260410_1834909.html
2026-03-01,2026-03-31,2026-03,2026-04-10,丙型肝炎,乙类,disease,16305,107,https://www.chinacdc.cn/jksj/jksj01/202604/t20260410_1834909.html
2026-03-01,2026-03-31,2026-03,2026-04-10,病毒性肝炎,乙类,group,145066,136,https://www.chinacdc.cn/jksj/jksj01/202604/t20260410_1834909.html
2026-03-01,2026-03-31,2026-03,2026-04-10,布鲁氏菌病,乙类,disease,5448,0,https://www.chinacdc.cn/jksj/jksj01/202604/t20260410_1834909.html
2026-03-01,2026-03-31,2026-03,2026-04-10,传染性非典型肺炎,乙类,disease,0,0,https://www.chinacdc.cn/jksj/jksj01/202604/t20260410_1834909.html
2026-03-01,2026-03-31,2026-03,2026-04-10,登革热,乙类,disease,92,0,https://www.chinacdc.cn/jksj/jksj01/202604/t20260410_1834909.html
2026-03-01,2026-03-31,2026-03,2026-04-10,丁型肝炎,乙类,disease,28,0,https://www.chinacdc.cn/jksj/jksj01/202604/t20260410_1834909.html
2026-03-01,2026-03-31,2026-03,2026-04-10,发热伴血小板减少综合征,重点监测,disease,38,3,https://www.chinacdc.cn/jksj/jksj01/202604/t20260410_1834909.html
2026-03-01,2026-03-31,2026-03,2026-04-10,肺结核,乙类,disease,63201,188,https://www.chinacdc.cn/jksj/jksj01/202604/t20260410_1834909.html
2026-03-01,2026-03-31,2026-03,2026-04-10,风疹,丙类,disease,36,0,https://www.chinacdc.cn/jksj/jksj01/202604/t20260410_1834909.html
2026-03-01,2026-03-31,2026-03,2026-04-10,肝吸虫病,重点监测,disease,10656,0,https://www.chinacdc.cn/jksj/jksj01/202604/t20260410_1834909.html
2026-03-01,2026-03-31,2026-03,2026-04-10,钩端螺旋体病,乙类,disease,8,0,https://www.chinacdc.cn/jksj/jksj01/202604/t20260410_1834909.html
2026-03-01,2026-03-31,2026-03,2026-04-10,黑热病,丙类,disease,28,0,https://www.chinacdc.cn/jksj/jksj01/202604/t20260410_1834909.html
2026-03-01,2026-03-31,2026-03,2026-04-10,猴痘,乙类,disease,28,0,https://www.chinacdc.cn/jksj/jksj01/202604/t20260410_1834909.html
2026-03-01,2026-03-31,2026-03,2026-04-10,霍乱,甲类,disease,0,0,https://www.chinacdc.cn/jksj/jksj01/202604/t20260410_1834909.html
2026-03-01,2026-03-31,2026-03,2026-04-10,基孔肯雅热,重点监测,disease,4,0,https://www.chinacdc.cn/jksj/jksj01/202604/t20260410_1834909.html
2026-03-01,2026-03-31,2026-03,2026-04-10,急性出血性结膜炎,丙类,disease,1883,0,https://www.chinacdc.cn/jksj/jksj01/202604/t20260410_1834909.html
2026-03-01,2026-03-31,2026-03,2026-04-10,脊髓灰质炎,乙类,disease,0,0,https://www.chinacdc.cn/jksj/jksj01/202604/t20260410_1834909.html
2026-03-01,2026-03-31,2026-03,2026-04-10,甲型肝炎,乙类,disease,1382,0,https://www.chinacdc.cn/jksj/jksj01/202604/t20260410_1834909.html
2026-03-01,2026-03-31,2026-03,2026-04-10,甲乙丙类传染病总计,甲乙丙类,summary,1063258,2000,https://www.chinacdc.cn/jksj/jksj01/202604/t20260410_1834909.html
2026-03-01,2026-03-31,2026-03,2026-04-10,甲乙类传染病合计,甲乙类,summary,322577,1996,https://www.chinacdc.cn/jksj/jksj01/202604/t20260410_1834909.html
2026-03-01,2026-03-31,2026-03,2026-04-10,狂犬病,乙类,disease,26,21,https://www.chinacdc.cn/jksj/jksj01/202604/t20260410_1834909.html
2026-03-01,2026-03-31,2026-03,2026-04-10,拉沙热,重点监测,disease,0,0,https://www.chinacdc.cn/jksj/jksj01/202604/t20260410_1834909.html
2026-03-01,2026-03-31,2026-03,2026-04-10,淋病,乙类,disease,10197,0,https://www.chinacdc.cn/jksj/jksj01/202604/t20260410_1834909.html
2026-03-01,2026-03-31,2026-03,2026-04-10,流行性出血热,乙类,disease,183,0,https://www.chinacdc.cn/jksj/jksj01/202604/t20260410_1834909.html
2026-03-01,2026-03-31,2026-03,2026-04-10,流行性感冒,丙类,disease,479991,2,https://www.chinacdc.cn/jksj/jksj01/202604/t20260410_1834909.html
2026-03-01,2026-03-31,2026-03,2026-04-10,流行性和地方性斑疹伤寒,丙类,disease,59,0,https://www.chinacdc.cn/jksj/jksj01/202604/t20260410_1834909.html
2026-03-01,2026-03-31,2026-03,2026-04-10,流行性脑脊髓膜炎,乙类,disease,19,1,https://www.chinacdc.cn/jksj/jksj01/202604/t20260410_1834909.html
2026-03-01,2026-03-31,2026-03,2026-04-10,流行性腮腺炎,丙类,disease,6125,0,https://www.chinacdc.cn/jksj/jksj01/202604/t20260410_1834909.html
2026-03-01,2026-03-31,2026-03,2026-04-10,流行性乙型脑炎,乙类,disease,0,0,https://www.chinacdc.cn/jksj/jksj01/202604/t20260410_1834909.html
2026-03-01,2026-03-31,2026-03,2026-04-10,麻风病,丙类,disease,35,0,https://www.chinacdc.cn/jksj/jksj01/202604/t20260410_1834909.html
2026-03-01,2026-03-31,2026-03,2026-04-10,麻疹,乙类,disease,117,0,https://www.chinacdc.cn/jksj/jksj01/202604/t20260410_1834909.html
2026-03-01,2026-03-31,2026-03,2026-04-10,梅毒,乙类,disease,62781,3,https://www.chinacdc.cn/jksj/jksj01/202604/t20260410_1834909.html
2026-03-01,2026-03-31,2026-03,2026-04-10,疟疾,乙类,disease,221,1,https://www.chinacdc.cn/jksj/jksj01/202604/t20260410_1834909.html
2026-03-01,2026-03-31,2026-03,2026-04-10,其他感染性腹泻病,丙类,disease,229629,0,https://www.chinacdc.cn/jksj/jksj01/202604/t20260410_1834909.html
2026-03-01,2026-03-31,2026-03,2026-04-10,人感染新亚型流感,乙类,disease,3,0,https://www.chinacdc.cn/jksj/jksj01/202604/t20260410_1834909.html
2026-03-01,2026-03-31,2026-03,2026-04-10,人感染猪链球菌病,重点监测,disease,17,0,https://www.chinacdc.cn/jksj/jksj01/202604/t20260410_1834909.html
2026-03-01,2026-03-31,2026-03,2026-04-10,伤寒和副伤寒,乙类,disease,247,0,https://www.chinacdc.cn/jksj/jksj01/202604/t20260410_1834909.html
2026-03-01,2026-03-31,2026-03,2026-04-10,手足口病,丙类,disease,22484,0,https://www.chinacdc.cn/jksj/jksj01/202604/t20260410_1834909.html
2026-03-01,2026-03-31,2026-03,2026-04-10,鼠疫,甲类,disease,0,0,https://www.chinacdc.cn/jksj/jksj01/202604/t20260410_1834909.html
2026-03-01,2026-03-31,2026-03,2026-04-10,水痘,重点监测,disease,32936,0,https://www.chinacdc.cn/jksj/jksj01/202604/t20260410_1834909.html
2026-03-01,2026-03-31,2026-03,2026-04-10,丝虫病,丙类,disease,0,0,https://www.chinacdc.cn/jksj/jksj01/202604/t20260410_1834909.html
2026-03-01,2026-03-31,2026-03,2026-04-10,炭疽,乙类,disease,21,0,https://www.chinacdc.cn/jksj/jksj01/202604/t20260410_1834909.html
2026-03-01,2026-03-31,2026-03,2026-04-10,未分型肝炎,乙类,disease,626,0,https://www.chinacdc.cn/jksj/jksj01/202604/t20260410_1834909.html
2026-03-01,2026-03-31,2026-03,2026-04-10,戊型肝炎,乙类,disease,3534,0,https://www.chinacdc.cn/jksj/jksj01/202604/t20260410_1834909.html
2026-03-01,2026-03-31,2026-03,2026-04-10,细菌性和阿米巴性痢疾,乙类,disease,1682,0,https://www.chinacdc.cn/jksj/jksj01/202604/t20260410_1834909.html
2026-03-01,2026-03-31,2026-03,2026-04-10,新生儿破伤风,乙类,disease,2,0,https://www.chinacdc.cn/jksj/jksj01/202604/t20260410_1834909.html
2026-03-01,2026-03-31,2026-03,2026-04-10,新型冠状病毒感染,乙类,disease,26306,2,https://www.chinacdc.cn/jksj/jksj01/202604/t20260410_1834909.html
2026-03-01,2026-03-31,2026-03,2026-04-10,猩红热,乙类,disease,1471,0,https://www.chinacdc.cn/jksj/jksj01/202604/t20260410_1834909.html
2026-03-01,2026-03-31,2026-03,2026-04-10,血吸虫病,乙类,disease,1,0,https://www.chinacdc.cn/jksj/jksj01/202604/t20260410_1834909.html
2026-03-01,2026-03-31,2026-03,2026-04-10,乙型肝炎,乙类,disease,123191,29,https://www.chinacdc.cn/jksj/jksj01/202604/t20260410_1834909.html
2026-03-01,2026-03-31,2026-03,2026-04-10,寨卡病毒病,重点监测,disease,0,0,https://www.chinacdc.cn/jksj/jksj01/202604/t20260410_1834909.html
2026-03-01,2026-03-31,2026-03,2026-04-10,中东呼吸综合征（MERS）,重点监测,disease,0,0,https://www.chinacdc.cn/jksj/jksj01/202604/t20260410_1834909.html
2026-03-01,2026-03-31,2026-03,2026-04-10,重点监测其他传染病合计,重点监测,summary,43651,3,https://www.chinacdc.cn/jksj/jksj01/202604/t20260410_1834909.html
2026-04-01,2026-04-30,2026-04,2026-05-13,埃博拉出血热,重点监测,disease,0,0,https://www.chinacdc.cn/jksj/jksj01/202605/t20260514_1835765.html
2026-04-01,2026-04-30,2026-04,2026-05-13,艾滋病,乙类,disease,4188,1479,https://www.chinacdc.cn/jksj/jksj01/202605/t20260514_1835765.html
2026-04-01,2026-04-30,2026-04,2026-05-13,白喉,乙类,disease,0,0,https://www.chinacdc.cn/jksj/jksj01/202605/t20260514_1835765.html
2026-04-01,2026-04-30,2026-04,2026-05-13,百日咳,乙类,disease,760,0,https://www.chinacdc.cn/jksj/jksj01/202605/t20260514_1835765.html
2026-04-01,2026-04-30,2026-04,2026-05-13,包虫病,丙类,disease,382,1,https://www.chinacdc.cn/jksj/jksj01/202605/t20260514_1835765.html
2026-04-01,2026-04-30,2026-04,2026-05-13,丙类传染病合计,丙类,summary,830142,2,https://www.chinacdc.cn/jksj/jksj01/202605/t20260514_1835765.html
2026-04-01,2026-04-30,2026-04,2026-05-13,丙型肝炎,乙类,disease,16194,145,https://www.chinacdc.cn/jksj/jksj01/202605/t20260514_1835765.html
2026-04-01,2026-04-30,2026-04,2026-05-13,病毒性肝炎,乙类,group,135528,173,https://www.chinacdc.cn/jksj/jksj01/202605/t20260514_1835765.html
2026-04-01,2026-04-30,2026-04,2026-05-13,布鲁氏菌病,乙类,disease,6402,0,https://www.chinacdc.cn/jksj/jksj01/202605/t20260514_1835765.html
2026-04-01,2026-04-30,2026-04,2026-05-13,传染性非典型肺炎,乙类,disease,0,0,https://www.chinacdc.cn/jksj/jksj01/202605/t20260514_1835765.html
2026-04-01,2026-04-30,2026-04,2026-05-13,登革热,乙类,disease,137,0,https://www.chinacdc.cn/jksj/jksj01/202605/t20260514_1835765.html
2026-04-01,2026-04-30,2026-04,2026-05-13,丁型肝炎,乙类,disease,42,0,https://www.chinacdc.cn/jksj/jksj01/202605/t20260514_1835765.html
2026-04-01,2026-04-30,2026-04,2026-05-13,发热伴血小板减少综合征,乙类,disease,572,21,https://www.chinacdc.cn/jksj/jksj01/202605/t20260514_1835765.html
2026-04-01,2026-04-30,2026-04,2026-05-13,肺结核,乙类,disease,61668,188,https://www.chinacdc.cn/jksj/jksj01/202605/t20260514_1835765.html
2026-04-01,2026-04-30,2026-04,2026-05-13,风疹,丙类,disease,54,0,https://www.chinacdc.cn/jksj/jksj01/202605/t20260514_1835765.html
2026-04-01,2026-04-30,2026-04,2026-05-13,肝吸虫病,重点监测,disease,10761,0,https://www.chinacdc.cn/jksj/jksj01/202605/t20260514_1835765.html
2026-04-01,2026-04-30,2026-04,2026-05-13,钩端螺旋体病,乙类,disease,12,0,https://www.chinacdc.cn/jksj/jksj01/202605/t20260514_1835765.html
2026-04-01,2026-04-30,2026-04,2026-05-13,黑热病,丙类,disease,35,0,https://www.chinacdc.cn/jksj/jksj01/202605/t20260514_1835765.html
2026-04-01,2026-04-30,2026-04,2026-05-13,猴痘,乙类,disease,32,0,https://www.chinacdc.cn/jksj/jksj01/202605/t20260514_1835765.html
2026-04-01,2026-04-30,2026-04,2026-05-13,霍乱,甲类,disease,0,0,https://www.chinacdc.cn/jksj/jksj01/202605/t20260514_1835765.html
2026-04-01,2026-04-30,2026-04,2026-05-13,基孔肯雅热,乙类,disease,2,0,https://www.chinacdc.cn/jksj/jksj01/202605/t20260514_1835765.html
2026-04-01,2026-04-30,2026-04,2026-05-13,急性出血性结膜炎,丙类,disease,2007,0,https://www.chinacdc.cn/jksj/jksj01/202605/t20260514_1835765.html
2026-04-01,2026-04-30,2026-04,2026-05-13,脊髓灰质炎,乙类,disease,0,0,https://www.chinacdc.cn/jksj/jksj01/202605/t20260514_1835765.html
2026-04-01,2026-04-30,2026-04,2026-05-13,甲型肝炎,乙类,disease,1380,0,https://www.chinacdc.cn/jksj/jksj01/202605/t20260514_1835765.html
2026-04-01,2026-04-30,2026-04,2026-05-13,甲乙丙类传染病总计,甲乙丙类,summary,1139033,1890,https://www.chinacdc.cn/jksj/jksj01/202605/t20260514_1835765.html
2026-04-01,2026-04-30,2026-04,2026-05-13,甲乙类传染病合计,甲乙类,summary,308891,1888,https://www.chinacdc.cn/jksj/jksj01/202605/t20260514_1835765.html
2026-04-01,2026-04-30,2026-04,2026-05-13,狂犬病,乙类,disease,17,14,https://www.chinacdc.cn/jksj/jksj01/202605/t20260514_1835765.html
2026-04-01,2026-04-30,2026-04,2026-05-13,拉沙热,重点监测,disease,0,0,https://www.chinacdc.cn/jksj/jksj01/202605/t20260514_1835765.html
2026-04-01,2026-04-30,2026-04,2026-05-13,淋病,乙类,disease,10614,0,https://www.chinacdc.cn/jksj/jksj01/202605/t20260514_1835765.html
2026-04-01,2026-04-30,2026-04,2026-05-13,流行性出血热,乙类,disease,219,0,https://www.chinacdc.cn/jksj/jksj01/202605/t20260514_1835765.html
2026-04-01,2026-04-30,2026-04,2026-05-13,流行性感冒,丙类,disease,596122,1,https://www.chinacdc.cn/jksj/jksj01/202605/t20260514_1835765.html
2026-04-01,2026-04-30,2026-04,2026-05-13,流行性和地方性斑疹伤寒,丙类,disease,106,0,https://www.chinacdc.cn/jksj/jksj01/202605/t20260514_1835765.html
2026-04-01,2026-04-30,2026-04,2026-05-13,流行性脑脊髓膜炎,乙类,disease,19,2,https://www.chinacdc.cn/jksj/jksj01/202605/t20260514_1835765.html
2026-04-01,2026-04-30,2026-04,2026-05-13,流行性腮腺炎,丙类,disease,7534,0,https://www.chinacdc.cn/jksj/jksj01/202605/t20260514_1835765.html
2026-04-01,2026-04-30,2026-04,2026-05-13,流行性乙型脑炎,乙类,disease,1,0,https://www.chinacdc.cn/jksj/jksj01/202605/t20260514_1835765.html
2026-04-01,2026-04-30,2026-04,2026-05-13,麻风病,丙类,disease,30,0,https://www.chinacdc.cn/jksj/jksj01/202605/t20260514_1835765.html
2026-04-01,2026-04-30,2026-04,2026-05-13,麻疹,乙类,disease,81,0,https://www.chinacdc.cn/jksj/jksj01/202605/t20260514_1835765.html
2026-04-01,2026-04-30,2026-04,2026-05-13,梅毒,乙类,disease,60972,6,https://www.chinacdc.cn/jksj/jksj01/202605/t20260514_1835765.html
2026-04-01,2026-04-30,2026-04,2026-05-13,疟疾,乙类,disease,267,1,https://www.chinacdc.cn/jksj/jksj01/202605/t20260514_1835765.html
2026-04-01,2026-04-30,2026-04,2026-05-13,其他感染性腹泻病,丙类,disease,169022,0,https://www.chinacdc.cn/jksj/jksj01/202605/t20260514_1835765.html
2026-04-01,2026-04-30,2026-04,2026-05-13,人感染新亚型流感,乙类,disease,3,0,https://www.chinacdc.cn/jksj/jksj01/202605/t20260514_1835765.html
2026-04-01,2026-04-30,2026-04,2026-05-13,人感染猪链球菌病,重点监测,disease,23,0,https://www.chinacdc.cn/jksj/jksj01/202605/t20260514_1835765.html
2026-04-01,2026-04-30,2026-04,2026-05-13,伤寒和副伤寒,乙类,disease,311,0,https://www.chinacdc.cn/jksj/jksj01/202605/t20260514_1835765.html
2026-04-01,2026-04-30,2026-04,2026-05-13,手足口病,丙类,disease,54850,0,https://www.chinacdc.cn/jksj/jksj01/202605/t20260514_1835765.html
2026-04-01,2026-04-30,2026-04,2026-05-13,鼠疫,甲类,disease,0,0,https://www.chinacdc.cn/jksj/jksj01/202605/t20260514_1835765.html
2026-04-01,2026-04-30,2026-04,2026-05-13,水痘,重点监测,disease,39026,0,https://www.chinacdc.cn/jksj/jksj01/202605/t20260514_1835765.html
2026-04-01,2026-04-30,2026-04,2026-05-13,丝虫病,丙类,disease,0,0,https://www.chinacdc.cn/jksj/jksj01/202605/t20260514_1835765.html
2026-04-01,2026-04-30,2026-04,2026-05-13,炭疽,乙类,disease,19,0,https://www.chinacdc.cn/jksj/jksj01/202605/t20260514_1835765.html
2026-04-01,2026-04-30,2026-04,2026-05-13,未分型肝炎,乙类,disease,571,0,https://www.chinacdc.cn/jksj/jksj01/202605/t20260514_1835765.html
2026-04-01,2026-04-30,2026-04,2026-05-13,戊型肝炎,乙类,disease,3194,0,https://www.chinacdc.cn/jksj/jksj01/202605/t20260514_1835765.html
2026-04-01,2026-04-30,2026-04,2026-05-13,细菌性和阿米巴性痢疾,乙类,disease,1889,0,https://www.chinacdc.cn/jksj/jksj01/202605/t20260514_1835765.html
2026-04-01,2026-04-30,2026-04,2026-05-13,新生儿破伤风,乙类,disease,0,0,https://www.chinacdc.cn/jksj/jksj01/202605/t20260514_1835765.html
2026-04-01,2026-04-30,2026-04,2026-05-13,新型冠状病毒感染,乙类,disease,23477,4,https://www.chinacdc.cn/jksj/jksj01/202605/t20260514_1835765.html
2026-04-01,2026-04-30,2026-04,2026-05-13,猩红热,乙类,disease,1701,0,https://www.chinacdc.cn/jksj/jksj01/202605/t20260514_1835765.html
2026-04-01,2026-04-30,2026-04,2026-05-13,血吸虫病,乙类,disease,0,0,https://www.chinacdc.cn/jksj/jksj01/202605/t20260514_1835765.html
2026-04-01,2026-04-30,2026-04,2026-05-13,乙型肝炎,乙类,disease,114147,28,https://www.chinacdc.cn/jksj/jksj01/202605/t20260514_1835765.html
2026-04-01,2026-04-30,2026-04,2026-05-13,寨卡病毒病,重点监测,disease,1,0,https://www.chinacdc.cn/jksj/jksj01/202605/t20260514_1835765.html
2026-04-01,2026-04-30,2026-04,2026-05-13,中东呼吸综合征（MERS）,重点监测,disease,0,0,https://www.chinacdc.cn/jksj/jksj01/202605/t20260514_1835765.html
2026-04-01,2026-04-30,2026-04,2026-05-13,重点监测的其他传染病合计,重点监测,summary,49811,0,https://www.chinacdc.cn/jksj/jksj01/202605/t20260514_1835765.html
2026-05-01,2026-05-31,2026-05,2026-06-10,埃博拉出血热,重点监测,disease,0,0,https://www.chinacdc.cn/jksj/jksj01/202606/t20260611_1836734.html
2026-05-01,2026-05-31,2026-05,2026-06-10,艾滋病,乙类,disease,3833,1454,https://www.chinacdc.cn/jksj/jksj01/202606/t20260611_1836734.html
2026-05-01,2026-05-31,2026-05,2026-06-10,白喉,乙类,disease,0,0,https://www.chinacdc.cn/jksj/jksj01/202606/t20260611_1836734.html
2026-05-01,2026-05-31,2026-05,2026-06-10,百日咳,乙类,disease,769,0,https://www.chinacdc.cn/jksj/jksj01/202606/t20260611_1836734.html
2026-05-01,2026-05-31,2026-05,2026-06-10,包虫病,丙类,disease,340,1,https://www.chinacdc.cn/jksj/jksj01/202606/t20260611_1836734.html
2026-05-01,2026-05-31,2026-05,2026-06-10,丙类传染病合计,丙类,summary,795217,3,https://www.chinacdc.cn/jksj/jksj01/202606/t20260611_1836734.html
2026-05-01,2026-05-31,2026-05,2026-06-10,丙型肝炎,乙类,disease,15036,157,https://www.chinacdc.cn/jksj/jksj01/202606/t20260611_1836734.html
2026-05-01,2026-05-31,2026-05,2026-06-10,病毒性肝炎,乙类,group,131378,194,https://www.chinacdc.cn/jksj/jksj01/202606/t20260611_1836734.html
2026-05-01,2026-05-31,2026-05,2026-06-10,布鲁氏菌病,乙类,disease,6748,0,https://www.chinacdc.cn/jksj/jksj01/202606/t20260611_1836734.html
2026-05-01,2026-05-31,2026-05,2026-06-10,传染性非典型肺炎,乙类,disease,0,0,https://www.chinacdc.cn/jksj/jksj01/202606/t20260611_1836734.html
2026-05-01,2026-05-31,2026-05,2026-06-10,登革热,乙类,disease,222,0,https://www.chinacdc.cn/jksj/jksj01/202606/t20260611_1836734.html
2026-05-01,2026-05-31,2026-05,2026-06-10,丁型肝炎,乙类,disease,27,0,https://www.chinacdc.cn/jksj/jksj01/202606/t20260611_1836734.html
2026-05-01,2026-05-31,2026-05,2026-06-10,发热伴血小板减少综合征,乙类,disease,900,33,https://www.chinacdc.cn/jksj/jksj01/202606/t20260611_1836734.html
2026-05-01,2026-05-31,2026-05,2026-06-10,肺结核,乙类,disease,57225,167,https://www.chinacdc.cn/jksj/jksj01/202606/t20260611_1836734.html
2026-05-01,2026-05-31,2026-05,2026-06-10,风疹,丙类,disease,44,0,https://www.chinacdc.cn/jksj/jksj01/202606/t20260611_1836734.html
2026-05-01,2026-05-31,2026-05,2026-06-10,肝吸虫病,重点监测,disease,11219,0,https://www.chinacdc.cn/jksj/jksj01/202606/t20260611_1836734.html
2026-05-01,2026-05-31,2026-05,2026-06-10,钩端螺旋体病,乙类,disease,21,0,https://www.chinacdc.cn/jksj/jksj01/202606/t20260611_1836734.html
2026-05-01,2026-05-31,2026-05,2026-06-10,黑热病,丙类,disease,32,0,https://www.chinacdc.cn/jksj/jksj01/202606/t20260611_1836734.html
2026-05-01,2026-05-31,2026-05,2026-06-10,猴痘,乙类,disease,86,0,https://www.chinacdc.cn/jksj/jksj01/202606/t20260611_1836734.html
2026-05-01,2026-05-31,2026-05,2026-06-10,霍乱,甲类,disease,2,0,https://www.chinacdc.cn/jksj/jksj01/202606/t20260611_1836734.html
2026-05-01,2026-05-31,2026-05,2026-06-10,基孔肯雅热,乙类,disease,35,0,https://www.chinacdc.cn/jksj/jksj01/202606/t20260611_1836734.html
2026-05-01,2026-05-31,2026-05,2026-06-10,急性出血性结膜炎,丙类,disease,1846,0,https://www.chinacdc.cn/jksj/jksj01/202606/t20260611_1836734.html
2026-05-01,2026-05-31,2026-05,2026-06-10,脊髓灰质炎,乙类,disease,0,0,https://www.chinacdc.cn/jksj/jksj01/202606/t20260611_1836734.html
2026-05-01,2026-05-31,2026-05,2026-06-10,甲型肝炎,乙类,disease,1238,0,https://www.chinacdc.cn/jksj/jksj01/202606/t20260611_1836734.html
2026-05-01,2026-05-31,2026-05,2026-06-10,甲乙丙类传染病总计,甲乙丙类,summary,1092528,1879,https://www.chinacdc.cn/jksj/jksj01/202606/t20260611_1836734.html
2026-05-01,2026-05-31,2026-05,2026-06-10,甲乙类传染病合计,甲乙类,summary,297311,1876,https://www.chinacdc.cn/jksj/jksj01/202606/t20260611_1836734.html
2026-05-01,2026-05-31,2026-05,2026-06-10,狂犬病,乙类,disease,20,19,https://www.chinacdc.cn/jksj/jksj01/202606/t20260611_1836734.html
2026-05-01,2026-05-31,2026-05,2026-06-10,拉沙热,重点监测,disease,0,0,https://www.chinacdc.cn/jksj/jksj01/202606/t20260611_1836734.html
2026-05-01,2026-05-31,2026-05,2026-06-10,淋病,乙类,disease,11243,0,https://www.chinacdc.cn/jksj/jksj01/202606/t20260611_1836734.html
2026-05-01,2026-05-31,2026-05,2026-06-10,流行性出血热,乙类,disease,364,4,https://www.chinacdc.cn/jksj/jksj01/202606/t20260611_1836734.html
2026-05-01,2026-05-31,2026-05,2026-06-10,流行性感冒,丙类,disease,514726,2,https://www.chinacdc.cn/jksj/jksj01/202606/t20260611_1836734.html
2026-05-01,2026-05-31,2026-05,2026-06-10,流行性和地方性斑疹伤寒,丙类,disease,113,0,https://www.chinacdc.cn/jksj/jksj01/202606/t20260611_1836734.html
2026-05-01,2026-05-31,2026-05,2026-06-10,流行性脑脊髓膜炎,乙类,disease,14,1,https://www.chinacdc.cn/jksj/jksj01/202606/t20260611_1836734.html
2026-05-01,2026-05-31,2026-05,2026-06-10,流行性腮腺炎,丙类,disease,7748,0,https://www.chinacdc.cn/jksj/jksj01/202606/t20260611_1836734.html
2026-05-01,2026-05-31,2026-05,2026-06-10,流行性乙型脑炎,乙类,disease,1,0,https://www.chinacdc.cn/jksj/jksj01/202606/t20260611_1836734.html
2026-05-01,2026-05-31,2026-05,2026-06-10,麻风病,丙类,disease,34,0,https://www.chinacdc.cn/jksj/jksj01/202606/t20260611_1836734.html
2026-05-01,2026-05-31,2026-05,2026-06-10,麻疹,乙类,disease,78,0,https://www.chinacdc.cn/jksj/jksj01/202606/t20260611_1836734.html
2026-05-01,2026-05-31,2026-05,2026-06-10,梅毒,乙类,disease,57027,2,https://www.chinacdc.cn/jksj/jksj01/202606/t20260611_1836734.html
2026-05-01,2026-05-31,2026-05,2026-06-10,疟疾,乙类,disease,406,0,https://www.chinacdc.cn/jksj/jksj01/202606/t20260611_1836734.html
2026-05-01,2026-05-31,2026-05,2026-06-10,其他感染性腹泻病,丙类,disease,155958,0,https://www.chinacdc.cn/jksj/jksj01/202606/t20260611_1836734.html
2026-05-01,2026-05-31,2026-05,2026-06-10,人感染新亚型流感,乙类,disease,3,1,https://www.chinacdc.cn/jksj/jksj01/202606/t20260611_1836734.html
2026-05-01,2026-05-31,2026-05,2026-06-10,人感染猪链球菌病,重点监测,disease,33,0,https://www.chinacdc.cn/jksj/jksj01/202606/t20260611_1836734.html
2026-05-01,2026-05-31,2026-05,2026-06-10,伤寒和副伤寒,乙类,disease,376,0,https://www.chinacdc.cn/jksj/jksj01/202606/t20260611_1836734.html
2026-05-01,2026-05-31,2026-05,2026-06-10,手足口病,丙类,disease,114376,0,https://www.chinacdc.cn/jksj/jksj01/202606/t20260611_1836734.html
2026-05-01,2026-05-31,2026-05,2026-06-10,鼠疫,甲类,disease,0,0,https://www.chinacdc.cn/jksj/jksj01/202606/t20260611_1836734.html
2026-05-01,2026-05-31,2026-05,2026-06-10,水痘,重点监测,disease,54298,0,https://www.chinacdc.cn/jksj/jksj01/202606/t20260611_1836734.html
2026-05-01,2026-05-31,2026-05,2026-06-10,丝虫病,丙类,disease,0,0,https://www.chinacdc.cn/jksj/jksj01/202606/t20260611_1836734.html
2026-05-01,2026-05-31,2026-05,2026-06-10,炭疽,乙类,disease,13,0,https://www.chinacdc.cn/jksj/jksj01/202606/t20260611_1836734.html
2026-05-01,2026-05-31,2026-05,2026-06-10,未分型肝炎,乙类,disease,561,0,https://www.chinacdc.cn/jksj/jksj01/202606/t20260611_1836734.html
2026-05-01,2026-05-31,2026-05,2026-06-10,戊型肝炎,乙类,disease,2928,2,https://www.chinacdc.cn/jksj/jksj01/202606/t20260611_1836734.html
2026-05-01,2026-05-31,2026-05,2026-06-10,细菌性和阿米巴性痢疾,乙类,disease,2626,0,https://www.chinacdc.cn/jksj/jksj01/202606/t20260611_1836734.html
2026-05-01,2026-05-31,2026-05,2026-06-10,新生儿破伤风,乙类,disease,2,0,https://www.chinacdc.cn/jksj/jksj01/202606/t20260611_1836734.html
2026-05-01,2026-05-31,2026-05,2026-06-10,新型冠状病毒感染,乙类,disease,21861,1,https://www.chinacdc.cn/jksj/jksj01/202606/t20260611_1836734.html
2026-05-01,2026-05-31,2026-05,2026-06-10,猩红热,乙类,disease,2057,0,https://www.chinacdc.cn/jksj/jksj01/202606/t20260611_1836734.html
2026-05-01,2026-05-31,2026-05,2026-06-10,血吸虫病,乙类,disease,1,0,https://www.chinacdc.cn/jksj/jksj01/202606/t20260611_1836734.html
2026-05-01,2026-05-31,2026-05,2026-06-10,乙型肝炎,乙类,disease,111588,35,https://www.chinacdc.cn/jksj/jksj01/202606/t20260611_1836734.html
2026-05-01,2026-05-31,2026-05,2026-06-10,寨卡病毒病,重点监测,disease,5,0,https://www.chinacdc.cn/jksj/jksj01/202606/t20260611_1836734.html
2026-05-01,2026-05-31,2026-05,2026-06-10,中东呼吸综合征（MERS）,重点监测,disease,0,0,https://www.chinacdc.cn/jksj/jksj01/202606/t20260611_1836734.html
2026-05-01,2026-05-31,2026-05,2026-06-10,重点监测的其他传染病合计,重点监测,summary,65555,0,https://www.chinacdc.cn/jksj/jksj01/202606/t20260611_1836734.html
2026-06-01,2026-06-30,2026-06,2026-07-08,埃博拉出血热,重点监测,disease,0,0,https://www.chinacdc.cn/jksj/jksj01/202607/t20260708_1837979.html
2026-06-01,2026-06-30,2026-06,2026-07-08,艾滋病,乙类,disease,4578,1583,https://www.chinacdc.cn/jksj/jksj01/202607/t20260708_1837979.html
2026-06-01,2026-06-30,2026-06,2026-07-08,白喉,乙类,disease,1,0,https://www.chinacdc.cn/jksj/jksj01/202607/t20260708_1837979.html
2026-06-01,2026-06-30,2026-06,2026-07-08,百日咳,乙类,disease,639,0,https://www.chinacdc.cn/jksj/jksj01/202607/t20260708_1837979.html
2026-06-01,2026-06-30,2026-06,2026-07-08,包虫病,丙类,disease,503,0,https://www.chinacdc.cn/jksj/jksj01/202607/t20260708_1837979.html
2026-06-01,2026-06-30,2026-06,2026-07-08,丙类传染病合计,丙类,summary,1010999,1,https://www.chinacdc.cn/jksj/jksj01/202607/t20260708_1837979.html
2026-06-01,2026-06-30,2026-06,2026-07-08,丙型肝炎,乙类,disease,14816,224,https://www.chinacdc.cn/jksj/jksj01/202607/t20260708_1837979.html
2026-06-01,2026-06-30,2026-06,2026-07-08,病毒性肝炎,乙类,group,136295,253,https://www.chinacdc.cn/jksj/jksj01/202607/t20260708_1837979.html
2026-06-01,2026-06-30,2026-06,2026-07-08,布鲁氏菌病,乙类,disease,7315,0,https://www.chinacdc.cn/jksj/jksj01/202607/t20260708_1837979.html
2026-06-01,2026-06-30,2026-06,2026-07-08,传染性非典型肺炎,乙类,disease,0,0,https://www.chinacdc.cn/jksj/jksj01/202607/t20260708_1837979.html
2026-06-01,2026-06-30,2026-06,2026-07-08,登革热,乙类,disease,255,0,https://www.chinacdc.cn/jksj/jksj01/202607/t20260708_1837979.html
2026-06-01,2026-06-30,2026-06,2026-07-08,丁型肝炎,乙类,disease,29,0,https://www.chinacdc.cn/jksj/jksj01/202607/t20260708_1837979.html
2026-06-01,2026-06-30,2026-06,2026-07-08,发热伴血小板减少综合征,乙类,disease,1220,66,https://www.chinacdc.cn/jksj/jksj01/202607/t20260708_1837979.html
2026-06-01,2026-06-30,2026-06,2026-07-08,肺结核,乙类,disease,56491,183,https://www.chinacdc.cn/jksj/jksj01/202607/t20260708_1837979.html
2026-06-01,2026-06-30,2026-06,2026-07-08,风疹,丙类,disease,46,0,https://www.chinacdc.cn/jksj/jksj01/202607/t20260708_1837979.html
2026-06-01,2026-06-30,2026-06,2026-07-08,肝吸虫病,重点监测,disease,11573,0,https://www.chinacdc.cn/jksj/jksj01/202607/t20260708_1837979.html
2026-06-01,2026-06-30,2026-06,2026-07-08,钩端螺旋体病,乙类,disease,55,1,https://www.chinacdc.cn/jksj/jksj01/202607/t20260708_1837979.html
2026-06-01,2026-06-30,2026-06,2026-07-08,黑热病,丙类,disease,42,0,https://www.chinacdc.cn/jksj/jksj01/202607/t20260708_1837979.html
2026-06-01,2026-06-30,2026-06,2026-07-08,猴痘,乙类,disease,126,0,https://www.chinacdc.cn/jksj/jksj01/202607/t20260708_1837979.html
2026-06-01,2026-06-30,2026-06,2026-07-08,霍乱,甲类,disease,1,0,https://www.chinacdc.cn/jksj/jksj01/202607/t20260708_1837979.html
2026-06-01,2026-06-30,2026-06,2026-07-08,基孔肯雅热,乙类,disease,41,0,https://www.chinacdc.cn/jksj/jksj01/202607/t20260708_1837979.html
2026-06-01,2026-06-30,2026-06,2026-07-08,急性出血性结膜炎,丙类,disease,2069,0,https://www.chinacdc.cn/jksj/jksj01/202607/t20260708_1837979.html
2026-06-01,2026-06-30,2026-06,2026-07-08,脊髓灰质炎,乙类,disease,0,0,https://www.chinacdc.cn/jksj/jksj01/202607/t20260708_1837979.html
2026-06-01,2026-06-30,2026-06,2026-07-08,甲型肝炎,乙类,disease,2276,0,https://www.chinacdc.cn/jksj/jksj01/202607/t20260708_1837979.html
2026-06-01,2026-06-30,2026-06,2026-07-08,甲乙丙类传染病总计,甲乙丙类,summary,1370653,2116,https://www.chinacdc.cn/jksj/jksj01/202607/t20260708_1837979.html
2026-06-01,2026-06-30,2026-06,2026-07-08,甲乙类传染病合计,甲乙类,summary,359654,2115,https://www.chinacdc.cn/jksj/jksj01/202607/t20260708_1837979.html
2026-06-01,2026-06-30,2026-06,2026-07-08,狂犬病,乙类,disease,33,23,https://www.chinacdc.cn/jksj/jksj01/202607/t20260708_1837979.html
2026-06-01,2026-06-30,2026-06,2026-07-08,拉沙热,重点监测,disease,0,0,https://www.chinacdc.cn/jksj/jksj01/202607/t20260708_1837979.html
2026-06-01,2026-06-30,2026-06,2026-07-08,淋病,乙类,disease,12500,0,https://www.chinacdc.cn/jksj/jksj01/202607/t20260708_1837979.html
2026-06-01,2026-06-30,2026-06,2026-07-08,流行性出血热,乙类,disease,366,0,https://www.chinacdc.cn/jksj/jksj01/202607/t20260708_1837979.html
2026-06-01,2026-06-30,2026-06,2026-07-08,流行性感冒,丙类,disease,592906,1,https://www.chinacdc.cn/jksj/jksj01/202607/t20260708_1837979.html
2026-06-01,2026-06-30,2026-06,2026-07-08,流行性和地方性斑疹伤寒,丙类,disease,104,0,https://www.chinacdc.cn/jksj/jksj01/202607/t20260708_1837979.html
2026-06-01,2026-06-30,2026-06,2026-07-08,流行性脑脊髓膜炎,乙类,disease,17,0,https://www.chinacdc.cn/jksj/jksj01/202607/t20260708_1837979.html
2026-06-01,2026-06-30,2026-06,2026-07-08,流行性腮腺炎,丙类,disease,7685,0,https://www.chinacdc.cn/jksj/jksj01/202607/t20260708_1837979.html
2026-06-01,2026-06-30,2026-06,2026-07-08,流行性乙型脑炎,乙类,disease,1,0,https://www.chinacdc.cn/jksj/jksj01/202607/t20260708_1837979.html
2026-06-01,2026-06-30,2026-06,2026-07-08,麻风病,丙类,disease,24,0,https://www.chinacdc.cn/jksj/jksj01/202607/t20260708_1837979.html
2026-06-01,2026-06-30,2026-06,2026-07-08,麻疹,乙类,disease,76,0,https://www.chinacdc.cn/jksj/jksj01/202607/t20260708_1837979.html
2026-06-01,2026-06-30,2026-06,2026-07-08,梅毒,乙类,disease,53938,5,https://www.chinacdc.cn/jksj/jksj01/202607/t20260708_1837979.html
2026-06-01,2026-06-30,2026-06,2026-07-08,疟疾,乙类,disease,530,0,https://www.chinacdc.cn/jksj/jksj01/202607/t20260708_1837979.html
2026-06-01,2026-06-30,2026-06,2026-07-08,其他感染性腹泻病,丙类,disease,149627,0,https://www.chinacdc.cn/jksj/jksj01/202607/t20260708_1837979.html
2026-06-01,2026-06-30,2026-06,2026-07-08,人感染新亚型流感,乙类,disease,2,0,https://www.chinacdc.cn/jksj/jksj01/202607/t20260708_1837979.html
2026-06-01,2026-06-30,2026-06,2026-07-08,人感染猪链球菌病,重点监测,disease,55,0,https://www.chinacdc.cn/jksj/jksj01/202607/t20260708_1837979.html
2026-06-01,2026-06-30,2026-06,2026-07-08,伤寒和副伤寒,乙类,disease,478,0,https://www.chinacdc.cn/jksj/jksj01/202607/t20260708_1837979.html
2026-06-01,2026-06-30,2026-06,2026-07-08,手足口病,丙类,disease,257993,0,https://www.chinacdc.cn/jksj/jksj01/202607/t20260708_1837979.html
2026-06-01,2026-06-30,2026-06,2026-07-08,鼠疫,甲类,disease,0,0,https://www.chinacdc.cn/jksj/jksj01/202607/t20260708_1837979.html
2026-06-01,2026-06-30,2026-06,2026-07-08,水痘,重点监测,disease,59438,0,https://www.chinacdc.cn/jksj/jksj01/202607/t20260708_1837979.html
2026-06-01,2026-06-30,2026-06,2026-07-08,丝虫病,丙类,disease,0,0,https://www.chinacdc.cn/jksj/jksj01/202607/t20260708_1837979.html
2026-06-01,2026-06-30,2026-06,2026-07-08,炭疽,乙类,disease,23,0,https://www.chinacdc.cn/jksj/jksj01/202607/t20260708_1837979.html
2026-06-01,2026-06-30,2026-06,2026-07-08,未分型肝炎,乙类,disease,601,0,https://www.chinacdc.cn/jksj/jksj01/202607/t20260708_1837979.html
2026-06-01,2026-06-30,2026-06,2026-07-08,戊型肝炎,乙类,disease,2777,1,https://www.chinacdc.cn/jksj/jksj01/202607/t20260708_1837979.html
2026-06-01,2026-06-30,2026-06,2026-07-08,细菌性和阿米巴性痢疾,乙类,disease,3340,0,https://www.chinacdc.cn/jksj/jksj01/202607/t20260708_1837979.html
2026-06-01,2026-06-30,2026-06,2026-07-08,新生儿破伤风,乙类,disease,0,0,https://www.chinacdc.cn/jksj/jksj01/202607/t20260708_1837979.html
2026-06-01,2026-06-30,2026-06,2026-07-08,新型冠状病毒感染,乙类,disease,78908,1,https://www.chinacdc.cn/jksj/jksj01/202607/t20260708_1837979.html
2026-06-01,2026-06-30,2026-06,2026-07-08,猩红热,乙类,disease,2425,0,https://www.chinacdc.cn/jksj/jksj01/202607/t20260708_1837979.html
2026-06-01,2026-06-30,2026-06,2026-07-08,血吸虫病,乙类,disease,0,0,https://www.chinacdc.cn/jksj/jksj01/202607/t20260708_1837979.html
2026-06-01,2026-06-30,2026-06,2026-07-08,乙型肝炎,乙类,disease,115796,28,https://www.chinacdc.cn/jksj/jksj01/202607/t20260708_1837979.html
2026-06-01,2026-06-30,2026-06,2026-07-08,寨卡病毒病,重点监测,disease,0,0,https://www.chinacdc.cn/jksj/jksj01/202607/t20260708_1837979.html
2026-06-01,2026-06-30,2026-06,2026-07-08,中东呼吸综合征（MERS）,重点监测,disease,0,0,https://www.chinacdc.cn/jksj/jksj01/202607/t20260708_1837979.html
2026-06-01,2026-06-30,2026-06,2026-07-08,重点监测的其他传染病合计,重点监测,summary,71066,0,https://www.chinacdc.cn/jksj/jksj01/202607/t20260708_1837979.html
2026-07-01,2026-07-31,2026-07,2026-08-13,埃博拉出血热,重点监测,disease,0,0,https://www.chinacdc.cn/jksj/jksj01/202608/t20260814_1838943.html
2026-07-01,2026-07-31,2026-07,2026-08-13,艾滋病,乙类,disease,4086,1526,https://www.chinacdc.cn/jksj/jksj01/202608/t20260814_1838943.html
2026-07-01,2026-07-31,2026-07,2026-08-13,白喉,乙类,disease,1,0,https://www.chinacdc.cn/jksj/jksj01/202608/t20260814_1838943.html
2026-07-01,2026-07-31,2026-07,2026-08-13,百日咳,乙类,disease,616,0,https://www.chinacdc.cn/jksj/jksj01/202608/t20260814_1838943.html
2026-07-01,2026-07-31,2026-07,2026-08-13,包虫病,丙类,disease,952,0,https://www.chinacdc.cn/jksj/jksj01/202608/t20260814_1838943.html
2026-07-01,2026-07-31,2026-07,2026-08-13,丙类传染病合计,丙类,summary,1329443,3,https://www.chinacdc.cn/jksj/jksj01/202608/t20260814_1838943.html
2026-07-01,2026-07-31,2026-07,2026-08-13,丙型肝炎,乙类,disease,15974,249,https://www.chinacdc.cn/jksj/jksj01/202608/t20260814_1838943.html
2026-07-01,2026-07-31,2026-07,2026-08-13,病毒性肝炎,乙类,group,147945,284,https://www.chinacdc.cn/jksj/jksj01/202608/t20260814_1838943.html
2026-07-01,2026-07-31,2026-07,2026-08-13,布鲁氏菌病,乙类,disease,6996,2,https://www.chinacdc.cn/jksj/jksj01/202608/t20260814_1838943.html
2026-07-01,2026-07-31,2026-07,2026-08-13,传染性非典型肺炎,乙类,disease,0,0,https://www.chinacdc.cn/jksj/jksj01/202608/t20260814_1838943.html
2026-07-01,2026-07-31,2026-07,2026-08-13,登革热,乙类,disease,1120,0,https://www.chinacdc.cn/jksj/jksj01/202608/t20260814_1838943.html
2026-07-01,2026-07-31,2026-07,2026-08-13,丁型肝炎,乙类,disease,25,0,https://www.chinacdc.cn/jksj/jksj01/202608/t20260814_1838943.html
2026-07-01,2026-07-31,2026-07,2026-08-13,发热伴血小板减少综合征,乙类,disease,978,58,https://www.chinacdc.cn/jksj/jksj01/202608/t20260814_1838943.html
2026-07-01,2026-07-31,2026-07,2026-08-13,肺结核,乙类,disease,58871,190,https://www.chinacdc.cn/jksj/jksj01/202608/t20260814_1838943.html
2026-07-01,2026-07-31,2026-07,2026-08-13,风疹,丙类,disease,31,0,https://www.chinacdc.cn/jksj/jksj01/202608/t20260814_1838943.html
2026-07-01,2026-07-31,2026-07,2026-08-13,肝吸虫病,重点监测,disease,12460,0,https://www.chinacdc.cn/jksj/jksj01/202608/t20260814_1838943.html
2026-07-01,2026-07-31,2026-07,2026-08-13,钩端螺旋体病,乙类,disease,100,0,https://www.chinacdc.cn/jksj/jksj01/202608/t20260814_1838943.html
2026-07-01,2026-07-31,2026-07,2026-08-13,黑热病,丙类,disease,35,0,https://www.chinacdc.cn/jksj/jksj01/202608/t20260814_1838943.html
2026-07-01,2026-07-31,2026-07,2026-08-13,猴痘,乙类,disease,83,0,https://www.chinacdc.cn/jksj/jksj01/202608/t20260814_1838943.html
2026-07-01,2026-07-31,2026-07,2026-08-13,霍乱,甲类,disease,4,0,https://www.chinacdc.cn/jksj/jksj01/202608/t20260814_1838943.html
2026-07-01,2026-07-31,2026-07,2026-08-13,基孔肯雅热,乙类,disease,186,0,https://www.chinacdc.cn/jksj/jksj01/202608/t20260814_1838943.html
2026-07-01,2026-07-31,2026-07,2026-08-13,急性出血性结膜炎,丙类,disease,1589,0,https://www.chinacdc.cn/jksj/jksj01/202608/t20260814_1838943.html
2026-07-01,2026-07-31,2026-07,2026-08-13,脊髓灰质炎,乙类,disease,0,0,https://www.chinacdc.cn/jksj/jksj01/202608/t20260814_1838943.html
2026-07-01,2026-07-31,2026-07,2026-08-13,甲型肝炎,乙类,disease,1638,0,https://www.chinacdc.cn/jksj/jksj01/202608/t20260814_1838943.html
2026-07-01,2026-07-31,2026-07,2026-08-13,甲乙丙类传染病总计,甲乙丙类,summary,2150320,2107,https://www.chinacdc.cn/jksj/jksj01/202608/t20260814_1838943.html
2026-07-01,2026-07-31,2026-07,2026-08-13,甲乙类传染病合计,甲乙类,summary,820877,2104,https://www.chinacdc.cn/jksj/jksj01/202608/t20260814_1838943.html
2026-07-01,2026-07-31,2026-07,2026-08-13,狂犬病,乙类,disease,35,37,https://www.chinacdc.cn/jksj/jksj01/202608/t20260814_1838943.html
2026-07-01,2026-07-31,2026-07,2026-08-13,拉沙热,重点监测,disease,0,0,https://www.chinacdc.cn/jksj/jksj01/202608/t20260814_1838943.html
2026-07-01,2026-07-31,2026-07,2026-08-13,淋病,乙类,disease,13411,0,https://www.chinacdc.cn/jksj/jksj01/202608/t20260814_1838943.html
2026-07-01,2026-07-31,2026-07,2026-08-13,流行性出血热,乙类,disease,258,0,https://www.chinacdc.cn/jksj/jksj01/202608/t20260814_1838943.html
2026-07-01,2026-07-31,2026-07,2026-08-13,流行性感冒,丙类,disease,969125,3,https://www.chinacdc.cn/jksj/jksj01/202608/t20260814_1838943.html
2026-07-01,2026-07-31,2026-07,2026-08-13,流行性和地方性斑疹伤寒,丙类,disease,132,0,https://www.chinacdc.cn/jksj/jksj01/202608/t20260814_1838943.html
2026-07-01,2026-07-31,2026-07,2026-08-13,流行性脑脊髓膜炎,乙类,disease,18,0,https://www.chinacdc.cn/jksj/jksj01/202608/t20260814_1838943.html
2026-07-01,2026-07-31,2026-07,2026-08-13,流行性腮腺炎,丙类,disease,5818,0,https://www.chinacdc.cn/jksj/jksj01/202608/t20260814_1838943.html
2026-07-01,2026-07-31,2026-07,2026-08-13,流行性乙型脑炎,乙类,disease,19,2,https://www.chinacdc.cn/jksj/jksj01/202608/t20260814_1838943.html
2026-07-01,2026-07-31,2026-07,2026-08-13,麻风病,丙类,disease,22,0,https://www.chinacdc.cn/jksj/jksj01/202608/t20260814_1838943.html
2026-07-01,2026-07-31,2026-07,2026-08-13,麻疹,乙类,disease,60,0,https://www.chinacdc.cn/jksj/jksj01/202608/t20260814_1838943.html
2026-07-01,2026-07-31,2026-07,2026-08-13,梅毒,乙类,disease,58058,2,https://www.chinacdc.cn/jksj/jksj01/202608/t20260814_1838943.html
2026-07-01,2026-07-31,2026-07,2026-08-13,疟疾,乙类,disease,523,1,https://www.chinacdc.cn/jksj/jksj01/202608/t20260814_1838943.html
2026-07-01,2026-07-31,2026-07,2026-08-13,其他感染性腹泻病,丙类,disease,145175,0,https://www.chinacdc.cn/jksj/jksj01/202608/t20260814_1838943.html
2026-07-01,2026-07-31,2026-07,2026-08-13,人感染新亚型流感,乙类,disease,8,0,https://www.chinacdc.cn/jksj/jksj01/202608/t20260814_1838943.html
2026-07-01,2026-07-31,2026-07,2026-08-13,人感染猪链球菌病,重点监测,disease,68,0,https://www.chinacdc.cn/jksj/jksj01/202608/t20260814_1838943.html
2026-07-01,2026-07-31,2026-07,2026-08-13,伤寒和副伤寒,乙类,disease,467,0,https://www.chinacdc.cn/jksj/jksj01/202608/t20260814_1838943.html
2026-07-01,2026-07-31,2026-07,2026-08-13,手足口病,丙类,disease,206564,0,https://www.chinacdc.cn/jksj/jksj01/202608/t20260814_1838943.html
2026-07-01,2026-07-31,2026-07,2026-08-13,鼠疫,甲类,disease,0,0,https://www.chinacdc.cn/jksj/jksj01/202608/t20260814_1838943.html
2026-07-01,2026-07-31,2026-07,2026-08-13,水痘,重点监测,disease,46105,0,https://www.chinacdc.cn/jksj/jksj01/202608/t20260814_1838943.html
2026-07-01,2026-07-31,2026-07,2026-08-13,丝虫病,丙类,disease,0,0,https://www.chinacdc.cn/jksj/jksj01/202608/t20260814_1838943.html
2026-07-01,2026-07-31,2026-07,2026-08-13,炭疽,乙类,disease,79,1,https://www.chinacdc.cn/jksj/jksj01/202608/t20260814_1838943.html
2026-07-01,2026-07-31,2026-07,2026-08-13,未分型肝炎,乙类,disease,745,0,https://www.chinacdc.cn/jksj/jksj01/202608/t20260814_1838943.html
2026-07-01,2026-07-31,2026-07,2026-08-13,戊型肝炎,乙类,disease,2836,1,https://www.chinacdc.cn/jksj/jksj01/202608/t20260814_1838943.html
2026-07-01,2026-07-31,2026-07,2026-08-13,细菌性和阿米巴性痢疾,乙类,disease,3438,0,https://www.chinacdc.cn/jksj/jksj01/202608/t20260814_1838943.html
2026-07-01,2026-07-31,2026-07,2026-08-13,新生儿破伤风,乙类,disease,2,0,https://www.chinacdc.cn/jksj/jksj01/202608/t20260814_1838943.html
2026-07-01,2026-07-31,2026-07,2026-08-13,新型冠状病毒感染,乙类,disease,521751,1,https://www.chinacdc.cn/jksj/jksj01/202608/t20260814_1838943.html
2026-07-01,2026-07-31,2026-07,2026-08-13,猩红热,乙类,disease,1763,0,https://www.chinacdc.cn/jksj/jksj01/202608/t20260814_1838943.html
2026-07-01,2026-07-31,2026-07,2026-08-13,血吸虫病,乙类,disease,1,0,https://www.chinacdc.cn/jksj/jksj01/202608/t20260814_1838943.html
2026-07-01,2026-07-31,2026-07,2026-08-13,乙型肝炎,乙类,disease,126727,34,https://www.chinacdc.cn/jksj/jksj01/202608/t20260814_1838943.html
2026-07-01,2026-07-31,2026-07,2026-08-13,寨卡病毒病,重点监测,disease,5,0,https://www.chinacdc.cn/jksj/jksj01/202608/t20260814_1838943.html
2026-07-01,2026-07-31,2026-07,2026-08-13,中东呼吸综合征（MERS）,重点监测,disease,0,0,https://www.chinacdc.cn/jksj/jksj01/202608/t20260814_1838943.html
2026-07-01,2026-07-31,2026-07,2026-08-13,重点监测的其他传染病合计,重点监测,summary,58638,0,https://www.chinacdc.cn/jksj/jksj01/202608/t20260814_1838943.html
